repayment_id,application_id,payment_date,amount_paid,payment_status
3ba64237-446c-48b2-ae82-cf7bac88b79a,b7412e7e-6ada-4bfe-902b-943e8ca4a335,2024-09-02,1330.76,late
1b2b197c-bbc8-4487-ab8a-30710cadc6f5,b7412e7e-6ada-4bfe-902b-943e8ca4a335,2024-10-02,1330.76,on_time
d6d36329-4834-448e-a232-8d564ffec366,b7412e7e-6ada-4bfe-902b-943e8ca4a335,2024-11-01,1330.76,on_time
1f086140-3693-41d1-a432-a038777c2f00,b7412e7e-6ada-4bfe-902b-943e8ca4a335,2024-12-01,1330.76,on_time
d551df67-4565-4cfc-9aad-57ea127408ec,b7412e7e-6ada-4bfe-902b-943e8ca4a335,2024-12-31,1330.76,on_time
10cd1638-923a-4bdd-ac46-ee82862707fa,b7412e7e-6ada-4bfe-902b-943e8ca4a335,2025-01-30,1330.76,on_time
507e644a-027a-47e8-8846-5e2e830becee,b7412e7e-6ada-4bfe-902b-943e8ca4a335,2025-03-01,1330.76,on_time
9a6bae7f-b6e0-46c1-b6d6-bbeaf686c69f,b7412e7e-6ada-4bfe-902b-943e8ca4a335,2025-03-31,1330.76,on_time
e0e3518b-ad8b-49eb-b100-5e68555df765,b7412e7e-6ada-4bfe-902b-943e8ca4a335,2025-04-30,0.0,defaulted
e861b6c7-fcb9-4318-a0b2-d8f9013953aa,a03bb04a-4f73-420e-9827-2554cd2bc6db,2024-08-18,418.09,late
f37bf2af-7d19-413b-a3f6-499e2f5c067b,a03bb04a-4f73-420e-9827-2554cd2bc6db,2024-09-17,418.09,on_time
f37da5db-b040-42a0-a9c9-ce0836482b5f,a03bb04a-4f73-420e-9827-2554cd2bc6db,2024-10-17,418.09,on_time
06a74c37-ad7a-4203-8112-3b9ad8aa851b,a03bb04a-4f73-420e-9827-2554cd2bc6db,2024-11-16,418.09,on_time
a385cc6b-77a9-45f4-93cc-5e81dd1c06dc,a03bb04a-4f73-420e-9827-2554cd2bc6db,2024-12-16,418.09,on_time
3b39ba7f-4247-48cd-bcd9-bf3f4953a539,a03bb04a-4f73-420e-9827-2554cd2bc6db,2025-01-15,418.09,on_time
903ee665-ed87-49a7-9f7e-4d08fafcb3fc,a03bb04a-4f73-420e-9827-2554cd2bc6db,2025-02-14,418.09,on_time
0c8619eb-17c1-43d7-a237-6503fb276ad8,a03bb04a-4f73-420e-9827-2554cd2bc6db,2025-03-16,418.09,on_time
7abbef35-a022-4c0d-87d6-e2a1dfa1035c,a03bb04a-4f73-420e-9827-2554cd2bc6db,2025-04-15,418.09,on_time
4525fa0d-0414-4084-94ea-37d91bcd30c8,79989646-5048-4c88-a2bf-4b0a66019cec,2024-07-02,1545.11,on_time
2065d334-8999-4e3d-b9cb-13fcefadc0bd,79989646-5048-4c88-a2bf-4b0a66019cec,2024-08-01,1545.11,on_time
a4a8a9aa-0d2b-41ac-9f4d-2d2f84ba3082,79989646-5048-4c88-a2bf-4b0a66019cec,2024-08-31,1545.11,on_time
6875b089-7efd-470b-b001-2ea880a8a853,79989646-5048-4c88-a2bf-4b0a66019cec,2024-09-30,1545.11,on_time
593a0e7a-c0e6-42f6-91d8-8917c49787d1,79989646-5048-4c88-a2bf-4b0a66019cec,2024-10-30,1545.11,on_time
1fc6165b-68d7-464f-b363-da31b95d0c35,79989646-5048-4c88-a2bf-4b0a66019cec,2024-11-29,1545.11,on_time
7e2c90f7-a9ca-41d5-a725-11244546a42a,79989646-5048-4c88-a2bf-4b0a66019cec,2024-12-29,1545.11,on_time
f5c6f7d2-c8b3-468b-89f6-571ae9779e72,79989646-5048-4c88-a2bf-4b0a66019cec,2025-01-28,1545.11,on_time
9eceef62-414f-46e8-8ddb-9ec39177c681,79989646-5048-4c88-a2bf-4b0a66019cec,2025-02-27,1545.11,late
9fb9d093-f70d-40f0-bc29-7fbf21a062ee,79989646-5048-4c88-a2bf-4b0a66019cec,2025-03-29,1545.11,on_time
ced4d163-12a7-4f22-9c73-6783db6a1ca1,79989646-5048-4c88-a2bf-4b0a66019cec,2025-04-28,1545.11,on_time
33220ba3-615c-4160-881f-1479ad317f53,b4e88ed0-1aca-42d6-9093-32eacaaa6176,2024-05-04,2109.74,on_time
ec5cbddf-6192-4138-b690-1bd0980e6d18,b4e88ed0-1aca-42d6-9093-32eacaaa6176,2024-06-03,2109.74,on_time
0dba9097-5284-4deb-9a1a-b42eb2be2a38,b4e88ed0-1aca-42d6-9093-32eacaaa6176,2024-07-03,2109.74,on_time
bc214361-493e-4ed3-8822-c7863b474ecd,b4e88ed0-1aca-42d6-9093-32eacaaa6176,2024-08-02,2109.74,on_time
7f6361ab-22dd-4c17-a18d-40c5e5a9a3fa,b4e88ed0-1aca-42d6-9093-32eacaaa6176,2024-09-01,2109.74,late
c2d9f180-ecaf-4fe0-a8d3-2e6be5f8dc89,b4e88ed0-1aca-42d6-9093-32eacaaa6176,2024-10-01,2109.74,on_time
802f63e1-f21f-42ae-bbdc-778d270f5fdd,b4e88ed0-1aca-42d6-9093-32eacaaa6176,2024-10-31,2109.74,on_time
7fbea97f-f80d-49af-84d6-29dda2442ebf,b4e88ed0-1aca-42d6-9093-32eacaaa6176,2024-11-30,2109.74,on_time
4913a18d-93a0-447c-a097-37b6288d57c9,b4e88ed0-1aca-42d6-9093-32eacaaa6176,2024-12-30,2109.74,on_time
5390fcc7-01b8-4409-8b50-cbd8f81ce797,b4e88ed0-1aca-42d6-9093-32eacaaa6176,2025-01-29,2109.74,on_time
a97235dd-b001-447e-a13f-2eb693ac6afb,b4e88ed0-1aca-42d6-9093-32eacaaa6176,2025-02-28,2109.74,on_time
d6c5ff00-4b48-4560-adb6-13b29dbb7c63,b4e88ed0-1aca-42d6-9093-32eacaaa6176,2025-03-30,2109.74,on_time
223b8e14-c726-4798-ad28-c794a46dcfd6,f242a94f-384c-4bc3-bd23-45526badb98a,2025-04-29,2622.82,on_time
e3fd37db-3ec5-497b-8c40-15d2d92567c9,54f7ae74-36cb-47b3-bf83-dd70c3d99899,2024-09-25,1275.2,on_time
260de214-bbd1-4a2e-bfc6-835393f5a5b4,54f7ae74-36cb-47b3-bf83-dd70c3d99899,2024-10-25,1275.2,on_time
148c7c95-3f66-47b6-b106-b3aa0644ad4f,54f7ae74-36cb-47b3-bf83-dd70c3d99899,2024-11-24,1275.2,on_time
644a585c-eec5-4b6a-b22a-9c8ec4c6b208,54f7ae74-36cb-47b3-bf83-dd70c3d99899,2024-12-24,1275.2,on_time
06223a7b-758a-4c63-bd3e-16d2e3b304af,54f7ae74-36cb-47b3-bf83-dd70c3d99899,2025-01-23,1275.2,on_time
071e01d2-1f78-4011-a844-510cfa2b216f,54f7ae74-36cb-47b3-bf83-dd70c3d99899,2025-02-22,1275.2,on_time
25e1de03-a05b-4923-94f6-ba3b7da20025,54f7ae74-36cb-47b3-bf83-dd70c3d99899,2025-03-24,1275.2,late
2c9aba39-3507-42a4-b2a3-8427bc9568c0,54f7ae74-36cb-47b3-bf83-dd70c3d99899,2025-04-23,1275.2,on_time
682ad452-6c60-4a2f-a418-d2a36320df27,dc88205e-ad13-4080-a86f-22bb2e665c46,2025-03-02,730.48,on_time
619b6b4a-2f09-4667-8657-465f436b0dcd,dc88205e-ad13-4080-a86f-22bb2e665c46,2025-04-01,730.48,on_time
23284780-eaad-48ca-8df5-e64c61cb4216,dc88205e-ad13-4080-a86f-22bb2e665c46,2025-05-01,730.48,on_time
496040ab-7b7e-4a8f-a956-db0641ff123e,e55f9872-7820-4e8d-bad9-c2b8b48c82fd,2023-07-23,390.08,on_time
f0061367-708a-4e5c-b1a9-fb47239ca536,e55f9872-7820-4e8d-bad9-c2b8b48c82fd,2023-08-22,390.08,on_time
0040494b-fe8d-4e46-877d-ab9a879193a5,e55f9872-7820-4e8d-bad9-c2b8b48c82fd,2023-09-21,390.08,late
65a96bc4-de88-4b6a-9484-ccd3a3f64893,e55f9872-7820-4e8d-bad9-c2b8b48c82fd,2023-10-21,390.08,on_time
b162b6d3-d670-4e0f-93e0-521140e0b4c2,e55f9872-7820-4e8d-bad9-c2b8b48c82fd,2023-11-20,390.08,on_time
f1516794-3988-4de7-953e-511790622bae,e55f9872-7820-4e8d-bad9-c2b8b48c82fd,2023-12-20,390.08,on_time
27c57fec-c802-4a52-8b38-2d631b559297,e55f9872-7820-4e8d-bad9-c2b8b48c82fd,2024-01-19,390.08,on_time
98447f86-c20c-4763-868b-ae9654086591,e55f9872-7820-4e8d-bad9-c2b8b48c82fd,2024-02-18,390.08,on_time
40b0bdf0-fbf2-451d-9a5f-0489164e59af,e55f9872-7820-4e8d-bad9-c2b8b48c82fd,2024-03-19,390.08,on_time
d196c71e-260a-4896-b6cc-4bb15551b15b,e55f9872-7820-4e8d-bad9-c2b8b48c82fd,2024-04-18,390.08,on_time
add7b0db-97de-427a-90bf-4ebbf448fb93,e55f9872-7820-4e8d-bad9-c2b8b48c82fd,2024-05-18,390.08,on_time
0529917e-41fc-424b-a084-2a3db7ccb0bb,e55f9872-7820-4e8d-bad9-c2b8b48c82fd,2024-06-17,390.08,on_time
8f2af7ee-59d3-4eb6-a855-c71dde8ca016,e55f9872-7820-4e8d-bad9-c2b8b48c82fd,2024-07-17,390.08,on_time
f0507489-1c9f-4a21-b42e-7df90bdb1dc8,e55f9872-7820-4e8d-bad9-c2b8b48c82fd,2024-08-16,390.08,late
e4b30ec8-46eb-4e31-b898-ddc1aae512ae,e55f9872-7820-4e8d-bad9-c2b8b48c82fd,2024-09-15,390.08,on_time
78936edf-d8d6-4ff0-aebd-d2b33a90f6ff,e55f9872-7820-4e8d-bad9-c2b8b48c82fd,2024-10-15,390.08,on_time
e4808b66-d814-46a7-80bd-e7ba64e182b6,e55f9872-7820-4e8d-bad9-c2b8b48c82fd,2024-11-14,390.08,on_time
a77ffa51-410f-408a-99a0-0920fa13058b,e55f9872-7820-4e8d-bad9-c2b8b48c82fd,2024-12-14,390.08,on_time
6c673829-4f04-429e-bf4c-320a5f767e37,e55f9872-7820-4e8d-bad9-c2b8b48c82fd,2025-01-13,390.08,on_time
fa98c8f9-040d-4701-91b3-8aa0dabec3a6,e55f9872-7820-4e8d-bad9-c2b8b48c82fd,2025-02-12,390.08,on_time
74023c83-1a11-4712-a2c5-6cad40afc57a,e55f9872-7820-4e8d-bad9-c2b8b48c82fd,2025-03-14,390.08,on_time
de679869-48aa-4bf9-9a6d-d63123002318,e55f9872-7820-4e8d-bad9-c2b8b48c82fd,2025-04-13,390.08,on_time
2d13ff62-27f4-45e2-9341-3af4a419faac,7258d8fc-1c74-4646-9f4f-eebd0bc6afce,2025-02-07,980.59,on_time
a8b0c2e5-aa63-4899-b409-814b6160f9c2,7258d8fc-1c74-4646-9f4f-eebd0bc6afce,2025-03-09,980.59,late
67ab3f2b-19ca-4d10-ae56-3f9235e597e3,7258d8fc-1c74-4646-9f4f-eebd0bc6afce,2025-04-08,980.59,on_time
5c0cd381-424d-4fe1-a043-d2122aac350f,1b6c5b91-5511-4d1e-8006-2d674bc1653c,2024-05-21,0.0,defaulted
74ffb10e-d84b-4d20-943a-354e3572f86a,1b6c5b91-5511-4d1e-8006-2d674bc1653c,2024-06-20,3418.89,on_time
b85bf253-4892-494b-b129-5a4fd1bd197a,1b6c5b91-5511-4d1e-8006-2d674bc1653c,2024-07-20,3418.89,on_time
bf8b5fc9-94c1-4df6-80a0-8069ba1494ce,1b6c5b91-5511-4d1e-8006-2d674bc1653c,2024-08-19,3418.89,on_time
8f8afb2f-9d92-4119-ac88-f94be20acd3c,1b6c5b91-5511-4d1e-8006-2d674bc1653c,2024-09-18,3418.89,on_time
5ab85afc-17ff-49db-84e2-a2d8cd3b3b8b,1b6c5b91-5511-4d1e-8006-2d674bc1653c,2024-10-18,3418.89,on_time
729bba8a-4074-4f0b-8a5b-949b6f674e97,1b6c5b91-5511-4d1e-8006-2d674bc1653c,2024-11-17,3418.89,on_time
1cd131fd-fa71-4ca1-9847-253cad431458,1b6c5b91-5511-4d1e-8006-2d674bc1653c,2024-12-17,3418.89,late
328338e0-cdf8-4c93-aa93-c27efb499c14,1b6c5b91-5511-4d1e-8006-2d674bc1653c,2025-01-16,3418.89,on_time
5dd5d21d-ba1b-4b4a-a5dd-71f4f0cb3093,1b6c5b91-5511-4d1e-8006-2d674bc1653c,2025-02-15,3418.89,on_time
55eb5216-daaf-457f-9b4f-9816e26318ef,1b6c5b91-5511-4d1e-8006-2d674bc1653c,2025-03-17,3418.89,on_time
f4624d13-d21f-4f28-a273-6a9b05e27e92,1b6c5b91-5511-4d1e-8006-2d674bc1653c,2025-04-16,3418.89,on_time
51386c2e-36e1-42d9-be5d-5786571e7edd,31cc5159-cccb-490a-ba8b-573c7e67c01f,2023-06-12,942.35,on_time
0eaaf15f-2740-4105-80ea-ec49e910e924,31cc5159-cccb-490a-ba8b-573c7e67c01f,2023-07-12,942.35,on_time
44652e23-4d09-4f71-b996-14232af7f58a,31cc5159-cccb-490a-ba8b-573c7e67c01f,2023-08-11,942.35,on_time
bebcc7e9-b2c1-425e-813c-653625fb1acc,31cc5159-cccb-490a-ba8b-573c7e67c01f,2023-09-10,942.35,on_time
cc8d70df-6057-487d-b540-3fd0c58ef3f1,31cc5159-cccb-490a-ba8b-573c7e67c01f,2023-10-10,942.35,on_time
bb64648b-d2ed-40d0-9856-52c40de45587,31cc5159-cccb-490a-ba8b-573c7e67c01f,2023-11-09,942.35,on_time
60124ba5-869c-45d8-b087-50173bce248f,31cc5159-cccb-490a-ba8b-573c7e67c01f,2023-12-09,942.35,on_time
e86d7a35-eec6-446b-b65c-6a44a809b5ba,31cc5159-cccb-490a-ba8b-573c7e67c01f,2024-01-08,942.35,on_time
32aa6d9d-9edd-42a9-ba45-93be1082531f,31cc5159-cccb-490a-ba8b-573c7e67c01f,2024-02-07,942.35,on_time
4d1fd1f4-4249-47c9-97b9-a27c162a8365,31cc5159-cccb-490a-ba8b-573c7e67c01f,2024-03-08,942.35,on_time
fe7449e2-8cde-434d-a696-e2e75d20f62d,31cc5159-cccb-490a-ba8b-573c7e67c01f,2024-04-07,942.35,on_time
ca424065-b6e4-408e-afbc-62c73b512f4c,31cc5159-cccb-490a-ba8b-573c7e67c01f,2024-05-07,942.35,on_time
8db90be8-7655-4af7-92c7-962e7d24580a,65c5dd5a-cd28-4a9d-a960-237814fff51d,2025-02-11,692.8,on_time
670f6399-3d42-4f1d-8c0a-049497ffb45c,65c5dd5a-cd28-4a9d-a960-237814fff51d,2025-03-13,0.0,defaulted
1b18359d-52cc-42b2-a01f-665be9a612b0,65c5dd5a-cd28-4a9d-a960-237814fff51d,2025-04-12,692.8,on_time
98268272-d0bd-455d-a801-9374a4502fc5,6cd0cfa3-6316-4e87-9463-6fc110999d1b,2025-01-12,3551.77,on_time
9edcff19-f063-4067-808c-1746cf3013b9,6cd0cfa3-6316-4e87-9463-6fc110999d1b,2025-02-11,3551.77,on_time
1761616e-fd65-443b-a32e-4d4cb5ace749,6cd0cfa3-6316-4e87-9463-6fc110999d1b,2025-03-13,3551.77,late
520398ae-af61-4429-9dbf-c8018c2cce7e,6cd0cfa3-6316-4e87-9463-6fc110999d1b,2025-04-12,3551.77,on_time
a61387c4-f681-4370-93a3-bb7877353f73,e5373a0a-5c8d-474a-af25-2efad5dc806e,2023-11-27,609.11,on_time
40b360f1-d419-468a-8491-43058212ab89,e5373a0a-5c8d-474a-af25-2efad5dc806e,2023-12-27,609.11,on_time
ee389807-8646-41f9-9d49-ae15b7494bb9,e5373a0a-5c8d-474a-af25-2efad5dc806e,2024-01-26,609.11,on_time
a4158eb0-404e-4944-8a9b-9aaebe93be52,e5373a0a-5c8d-474a-af25-2efad5dc806e,2024-02-25,609.11,on_time
99fb7b92-4871-4834-a3ca-89a50a4d5c10,e5373a0a-5c8d-474a-af25-2efad5dc806e,2024-03-26,609.11,on_time
1d88b843-74b6-4c60-9194-7861f0d7d377,e5373a0a-5c8d-474a-af25-2efad5dc806e,2024-04-25,609.11,on_time
a1903d62-f419-4cfa-bd29-f204354f49b3,e5373a0a-5c8d-474a-af25-2efad5dc806e,2024-05-25,609.11,on_time
f41e1980-c060-4d75-8711-a112451f1af3,e5373a0a-5c8d-474a-af25-2efad5dc806e,2024-06-24,609.11,late
dd1a20c1-8168-4eeb-8974-e29d79373cda,e5373a0a-5c8d-474a-af25-2efad5dc806e,2024-07-24,609.11,on_time
52e2bc95-9bf3-413b-a3c2-63e57a9fc14b,e5373a0a-5c8d-474a-af25-2efad5dc806e,2024-08-23,609.11,on_time
49aaa4c5-f098-4b55-b818-206671cba3df,e5373a0a-5c8d-474a-af25-2efad5dc806e,2024-09-22,609.11,on_time
dffacda2-3c13-4115-a00d-a9918488b406,e5373a0a-5c8d-474a-af25-2efad5dc806e,2024-10-22,0.0,defaulted
0d38bef6-5a35-494f-9947-b235a8e0fca7,e5373a0a-5c8d-474a-af25-2efad5dc806e,2024-11-21,609.11,on_time
4a313687-6135-4dcb-8669-2245ece44838,e5373a0a-5c8d-474a-af25-2efad5dc806e,2024-12-21,609.11,on_time
55c55a30-06c3-49d8-ae2f-a3f9265f43ca,e5373a0a-5c8d-474a-af25-2efad5dc806e,2025-01-20,609.11,on_time
39628551-e42a-49b5-8f24-9ec90d42f312,e5373a0a-5c8d-474a-af25-2efad5dc806e,2025-02-19,609.11,on_time
4ca1c5f1-1f72-43db-bd20-0116fd709a4d,e5373a0a-5c8d-474a-af25-2efad5dc806e,2025-03-21,609.11,on_time
97ed192a-1c0f-47e2-bb19-4d3816d86081,e5373a0a-5c8d-474a-af25-2efad5dc806e,2025-04-20,609.11,on_time
c87da353-d3d1-4c8d-95b8-cea6e1461073,f5676924-00aa-4ae1-bc25-7df7b9b4cbf4,2024-09-29,2055.79,late
c2ef4994-f004-4de7-bfca-acec43842acf,f5676924-00aa-4ae1-bc25-7df7b9b4cbf4,2024-10-29,2055.79,on_time
9b72ceaa-f14d-4ddd-af90-d3bed4369cde,f5676924-00aa-4ae1-bc25-7df7b9b4cbf4,2024-11-28,2055.79,on_time
bc7f0686-190b-4a97-ba1a-4a3faa44ddc4,f5676924-00aa-4ae1-bc25-7df7b9b4cbf4,2024-12-28,2055.79,on_time
b2595add-47c4-4c51-8660-885f844d1361,f5676924-00aa-4ae1-bc25-7df7b9b4cbf4,2025-01-27,2055.79,on_time
09f755d7-8570-4e28-89aa-ce0545ea23cd,f5676924-00aa-4ae1-bc25-7df7b9b4cbf4,2025-02-26,2055.79,on_time
d9166d3b-6f9b-445e-8e7c-363d4c37081e,f5676924-00aa-4ae1-bc25-7df7b9b4cbf4,2025-03-28,2055.79,on_time
097815a3-0afd-4509-81ec-a8282d4e68ef,f5676924-00aa-4ae1-bc25-7df7b9b4cbf4,2025-04-27,2055.79,on_time
641bc211-0dfb-4218-a0f5-44b9e469c9b4,33794c0e-3c5b-43c6-972b-24c02a577ac5,2023-07-17,1449.34,on_time
cae3bf11-e597-4652-a8a8-7ff1433ecca2,33794c0e-3c5b-43c6-972b-24c02a577ac5,2023-08-16,1449.34,on_time
8bb3f165-5cd7-4420-acf1-0cf420419b08,33794c0e-3c5b-43c6-972b-24c02a577ac5,2023-09-15,1449.34,on_time
09906378-7ad2-4fde-98df-71514e1d735f,33794c0e-3c5b-43c6-972b-24c02a577ac5,2023-10-15,1449.34,on_time
ae11ae60-7cb5-44e5-8bcb-66fde643d004,33794c0e-3c5b-43c6-972b-24c02a577ac5,2023-11-14,1449.34,on_time
4ca4e97d-fc63-42a0-896b-19ebd4dfab93,33794c0e-3c5b-43c6-972b-24c02a577ac5,2023-12-14,1449.34,on_time
cf131d98-346c-49ad-80e5-8408cf393b8f,33794c0e-3c5b-43c6-972b-24c02a577ac5,2024-01-13,1449.34,on_time
79d96046-7048-4f65-9fe2-1b932e102e16,33794c0e-3c5b-43c6-972b-24c02a577ac5,2024-02-12,1449.34,on_time
c60b240c-d5c7-4014-93bb-0ea642ec1974,33794c0e-3c5b-43c6-972b-24c02a577ac5,2024-03-13,1449.34,on_time
23cb073e-b794-4e1e-bebd-de261d85214d,33794c0e-3c5b-43c6-972b-24c02a577ac5,2024-04-12,1449.34,on_time
72b64e3e-211c-4205-b982-0a3bb59301de,33794c0e-3c5b-43c6-972b-24c02a577ac5,2024-05-12,1449.34,late
8e59b70e-7cf3-4849-8255-1b8fdb547194,33794c0e-3c5b-43c6-972b-24c02a577ac5,2024-06-11,1449.34,on_time
493945f2-ce39-48d9-8e71-a4a330722396,33794c0e-3c5b-43c6-972b-24c02a577ac5,2024-07-11,1449.34,on_time
a0921946-1713-4984-a6aa-4ddfc04473e5,33794c0e-3c5b-43c6-972b-24c02a577ac5,2024-08-10,1449.34,on_time
d88fc4d0-5b3e-4a27-90d3-717795490691,33794c0e-3c5b-43c6-972b-24c02a577ac5,2024-09-09,1449.34,on_time
69f65ffa-e655-4c7e-aa58-da5c1c95ebd5,33794c0e-3c5b-43c6-972b-24c02a577ac5,2024-10-09,1449.34,on_time
f1056590-f3f5-418d-bb24-090d99ed79b6,33794c0e-3c5b-43c6-972b-24c02a577ac5,2024-11-08,1449.34,on_time
c2216b02-b92b-4d8a-9d00-452a14101b4c,33794c0e-3c5b-43c6-972b-24c02a577ac5,2024-12-08,1449.34,on_time
8fbf8c16-1a85-4d33-a27e-0be14f994cb5,33794c0e-3c5b-43c6-972b-24c02a577ac5,2025-01-07,1449.34,on_time
83f96b4c-feed-44f9-8b28-0a66011c59ee,33794c0e-3c5b-43c6-972b-24c02a577ac5,2025-02-06,1449.34,late
d4a02b26-9855-4104-a1fb-5ef46c5d9388,33794c0e-3c5b-43c6-972b-24c02a577ac5,2025-03-08,1449.34,on_time
df12d00e-6d41-488e-80c8-c8ccd17f4a01,33794c0e-3c5b-43c6-972b-24c02a577ac5,2025-04-07,1449.34,on_time
723f472a-f30a-4c92-b28f-c7604b30676b,6466dd6a-91e7-4265-b440-76575a85573c,2024-06-05,302.35,on_time
d7592bfb-efcc-4219-a612-60747ccab75a,6466dd6a-91e7-4265-b440-76575a85573c,2024-07-05,302.35,on_time
6d84ead2-dbb7-407d-9c2c-873fd7c1bef3,6466dd6a-91e7-4265-b440-76575a85573c,2024-08-04,302.35,on_time
4412c3c4-e63b-4b81-a98d-b2555bbc5765,6466dd6a-91e7-4265-b440-76575a85573c,2024-09-03,302.35,on_time
30bc8b6a-b1c3-4026-a1c1-34bc10341772,6466dd6a-91e7-4265-b440-76575a85573c,2024-10-03,302.35,on_time
918b5a09-22ec-4d37-8158-b11a1408341d,6466dd6a-91e7-4265-b440-76575a85573c,2024-11-02,302.35,on_time
4b06abe5-48ec-4998-a1eb-6f1b6ae5be6e,6466dd6a-91e7-4265-b440-76575a85573c,2024-12-02,302.35,on_time
ebf08e9f-9b70-4327-a28e-60bb1ecfe13e,6466dd6a-91e7-4265-b440-76575a85573c,2025-01-01,302.35,on_time
fe8b46a6-c5e0-4750-818b-d8d5c08ab249,6466dd6a-91e7-4265-b440-76575a85573c,2025-01-31,302.35,on_time
dd9c740e-e29b-4cc7-8b6d-b954597d3aa2,6466dd6a-91e7-4265-b440-76575a85573c,2025-03-02,302.35,on_time
1f366765-fdee-46a5-b2db-b5b1129e7fce,6466dd6a-91e7-4265-b440-76575a85573c,2025-04-01,302.35,on_time
0aeb0e0e-0ac5-4e89-b667-ccb4fb1ff4a4,6466dd6a-91e7-4265-b440-76575a85573c,2025-05-01,302.35,on_time
cdc0cf37-88a3-4372-865f-848c1a29fe9c,f8a52d45-2f88-41b4-9ae5-8dcc51183576,2025-04-02,643.61,on_time
42f2844b-3b81-4fc0-8a37-787a40b7018e,f8a52d45-2f88-41b4-9ae5-8dcc51183576,2025-05-02,0.0,defaulted
85a0f21b-2a2d-4c33-89a8-91b0d974f496,0cd7fffe-86ee-4d24-9534-1c8ec6f7e8df,2025-04-17,1602.33,on_time
8567dc58-66f7-4929-9678-be116c5f7457,1eb397f3-396d-4577-8792-fbf3b4cf508e,2024-07-30,4152.03,on_time
2cbabd99-2772-40df-9edb-f0aa57462ee4,1eb397f3-396d-4577-8792-fbf3b4cf508e,2024-08-29,4152.03,on_time
3810b95e-9e1f-4c0a-bbf7-d2fc60415380,1eb397f3-396d-4577-8792-fbf3b4cf508e,2024-09-28,4152.03,on_time
63967285-ae27-4aa5-9376-0ee9b66d30d0,1eb397f3-396d-4577-8792-fbf3b4cf508e,2024-10-28,4152.03,on_time
3372284e-5d4f-4b4d-a076-240c99b1c6cb,1eb397f3-396d-4577-8792-fbf3b4cf508e,2024-11-27,4152.03,late
71e2607f-0f06-48a7-86b7-cc7b590c7d3c,1eb397f3-396d-4577-8792-fbf3b4cf508e,2024-12-27,4152.03,late
d07cfd9c-39d4-4ebf-a9ed-7a99c526abf5,1eb397f3-396d-4577-8792-fbf3b4cf508e,2025-01-26,4152.03,on_time
11d0fe06-dc80-4738-9866-d97d2969fda7,1eb397f3-396d-4577-8792-fbf3b4cf508e,2025-02-25,4152.03,on_time
4da85168-d042-4108-baf3-3f658f2cbced,1eb397f3-396d-4577-8792-fbf3b4cf508e,2025-03-27,4152.03,on_time
e3118451-9943-47ba-bba6-6b2884b0d492,1eb397f3-396d-4577-8792-fbf3b4cf508e,2025-04-26,4152.03,on_time
db91cbb5-5756-454c-91cc-8c9cd289859e,24fb6bef-ebe7-40ad-a115-df210a0e2268,2025-02-20,3719.91,late
b552483f-91eb-4df4-8901-c702a0288c02,24fb6bef-ebe7-40ad-a115-df210a0e2268,2025-03-22,0.0,defaulted
5be9d8db-0efa-47bd-8811-8d02a5d1469e,24fb6bef-ebe7-40ad-a115-df210a0e2268,2025-04-21,3719.91,on_time
e931acb6-023c-4508-bada-fb83c1ff9d61,2123efeb-4675-41ff-95ca-a7bebcbd1d84,2024-09-27,0.0,defaulted
def676b6-f43c-4971-b6d9-851a4059d4d4,2123efeb-4675-41ff-95ca-a7bebcbd1d84,2024-10-27,849.52,on_time
b8ca1c46-e358-4c00-9593-75ec1bd4ee3e,2123efeb-4675-41ff-95ca-a7bebcbd1d84,2024-11-26,849.52,on_time
f5825e1b-76f9-494c-a551-3de9bb261d3b,2123efeb-4675-41ff-95ca-a7bebcbd1d84,2024-12-26,849.52,on_time
3cb7efba-c07f-4ad9-b099-3f09a76620b5,2123efeb-4675-41ff-95ca-a7bebcbd1d84,2025-01-25,849.52,late
03eedd01-3dac-44fe-bac0-96ef9ed4b985,2123efeb-4675-41ff-95ca-a7bebcbd1d84,2025-02-24,849.52,late
e55fc7a0-a3c1-44fb-86de-a9ad46d893a3,2123efeb-4675-41ff-95ca-a7bebcbd1d84,2025-03-26,849.52,late
735b7fbb-c00a-4661-bf64-d40dd54d8d92,2123efeb-4675-41ff-95ca-a7bebcbd1d84,2025-04-25,849.52,on_time
234b140d-4a4b-441c-9f6d-90ceac982083,18ef3ddd-9950-479d-b843-a20aa9d683a8,2024-07-23,3107.71,on_time
4f1f036e-af02-465b-ba21-eecd6f176402,18ef3ddd-9950-479d-b843-a20aa9d683a8,2024-08-22,3107.71,late
d292bba1-a458-48e2-8c53-5d91d801517b,18ef3ddd-9950-479d-b843-a20aa9d683a8,2024-09-21,3107.71,on_time
df02a573-82f6-4d1f-be0c-793ae0b68b4d,18ef3ddd-9950-479d-b843-a20aa9d683a8,2024-10-21,3107.71,on_time
5f3e08d6-898a-4909-a36f-94350e74c471,18ef3ddd-9950-479d-b843-a20aa9d683a8,2024-11-20,3107.71,on_time
9d2ada69-adaa-4bd3-90a3-484546e93e66,18ef3ddd-9950-479d-b843-a20aa9d683a8,2024-12-20,3107.71,on_time
c6270d64-2537-49af-ac22-4cf34f8be457,18ef3ddd-9950-479d-b843-a20aa9d683a8,2025-01-19,3107.71,on_time
1f714a20-a8b7-4a37-ad4e-5a5d1718cdb4,18ef3ddd-9950-479d-b843-a20aa9d683a8,2025-02-18,3107.71,on_time
69b18f39-c7cd-45d9-ac7f-225ab0c179ec,18ef3ddd-9950-479d-b843-a20aa9d683a8,2025-03-20,3107.71,on_time
5e16c83a-e347-4417-a6cf-31b0d8dac3cb,18ef3ddd-9950-479d-b843-a20aa9d683a8,2025-04-19,3107.71,on_time
2aa44e06-a2a0-4ce0-8210-bcc47b2c2b43,29fe9f58-cf07-41f7-829e-6fef677bcafe,2024-01-21,1065.43,on_time
c536580f-f18d-4ed9-b802-b6ff6ff6503b,29fe9f58-cf07-41f7-829e-6fef677bcafe,2024-02-20,1065.43,on_time
e798075a-58a0-4352-a893-a5ab5a1c9c4f,29fe9f58-cf07-41f7-829e-6fef677bcafe,2024-03-21,1065.43,on_time
813e65b4-d2ef-4fd9-ba87-313eed78df56,29fe9f58-cf07-41f7-829e-6fef677bcafe,2024-04-20,1065.43,on_time
65ae00a8-728a-4b60-be3f-d87940b9433a,29fe9f58-cf07-41f7-829e-6fef677bcafe,2024-05-20,1065.43,on_time
23f34f0c-2e19-4a64-b5ad-662dad55dd2c,29fe9f58-cf07-41f7-829e-6fef677bcafe,2024-06-19,1065.43,on_time
85cc8023-9b44-4a4e-8211-661003c62c95,29fe9f58-cf07-41f7-829e-6fef677bcafe,2024-07-19,1065.43,on_time
1d9ae2cb-fd59-470a-8b10-c7fb54275a56,29fe9f58-cf07-41f7-829e-6fef677bcafe,2024-08-18,1065.43,on_time
9e03732b-8319-4cd2-bcaa-d0d4adcd5634,29fe9f58-cf07-41f7-829e-6fef677bcafe,2024-09-17,1065.43,on_time
bf5da60a-dd62-4fd1-8f21-01c293bd8d49,29fe9f58-cf07-41f7-829e-6fef677bcafe,2024-10-17,1065.43,on_time
b1f8ea7d-9060-4511-816a-bc39fabfa816,29fe9f58-cf07-41f7-829e-6fef677bcafe,2024-11-16,1065.43,on_time
c56b4076-9e10-407b-8808-8ffb5f1e5688,29fe9f58-cf07-41f7-829e-6fef677bcafe,2024-12-16,1065.43,on_time
6bd97cae-3239-4aa5-bc6a-bb04928b9a21,29fe9f58-cf07-41f7-829e-6fef677bcafe,2025-01-15,1065.43,on_time
1467e759-25a6-4e11-a4d4-5fbf23068a98,29fe9f58-cf07-41f7-829e-6fef677bcafe,2025-02-14,1065.43,on_time
9fc9ccb2-5a40-4326-b994-9ea8dbb8d936,29fe9f58-cf07-41f7-829e-6fef677bcafe,2025-03-16,1065.43,on_time
ddd996e0-8804-4ad2-b81e-90ff49b91037,29fe9f58-cf07-41f7-829e-6fef677bcafe,2025-04-15,1065.43,on_time
a3e6d826-afaa-48d9-99ac-819d8695a759,adb3df04-93c8-468d-adc4-5048e99f66bb,2024-10-19,232.94,on_time
9748ed54-1eac-40dc-8d92-e809de583efa,adb3df04-93c8-468d-adc4-5048e99f66bb,2024-11-18,232.94,on_time
c249ea58-c018-4f35-9913-d62126f63a87,adb3df04-93c8-468d-adc4-5048e99f66bb,2024-12-18,232.94,late
bc8acf14-5aad-4c6c-9dc0-27389185e2cc,adb3df04-93c8-468d-adc4-5048e99f66bb,2025-01-17,232.94,on_time
68c3d424-1dc3-4852-a7be-1ae98094a9a0,adb3df04-93c8-468d-adc4-5048e99f66bb,2025-02-16,232.94,on_time
82a628b0-1dd9-4fdc-be5a-473b8a6a5931,adb3df04-93c8-468d-adc4-5048e99f66bb,2025-03-18,232.94,on_time
9b2a3cbc-23a8-4c2b-8084-3f46218cc57b,adb3df04-93c8-468d-adc4-5048e99f66bb,2025-04-17,232.94,on_time
9bfec25a-847c-4141-9732-31b652f545ab,254da9da-6e7c-4906-ac87-502c4a0e8a19,2024-12-22,1244.32,late
2dd81019-a771-407f-bf4b-2502b074eb3d,254da9da-6e7c-4906-ac87-502c4a0e8a19,2025-01-21,1244.32,on_time
8e61d550-17c9-4535-94c4-c56c2cd0fda3,254da9da-6e7c-4906-ac87-502c4a0e8a19,2025-02-20,1244.32,on_time
f39292fb-ac3f-4649-862c-be31b33a9166,254da9da-6e7c-4906-ac87-502c4a0e8a19,2025-03-22,1244.32,on_time
30988350-bd88-43cf-b0d9-585259b06367,254da9da-6e7c-4906-ac87-502c4a0e8a19,2025-04-21,1244.32,on_time
8570dc82-d339-41f6-b6af-8993d4740ad9,2805a816-e06f-4b05-85a1-237c7d4a8e96,2024-05-30,3787.85,on_time
4c3d19fc-b8d1-4266-a51e-60542c4f3227,2805a816-e06f-4b05-85a1-237c7d4a8e96,2024-06-29,3787.85,on_time
846e2a08-4a2c-48c8-a26c-a2057549fc81,2805a816-e06f-4b05-85a1-237c7d4a8e96,2024-07-29,3787.85,on_time
33e29918-a2fc-4cae-a6b4-c05731bfe92e,2805a816-e06f-4b05-85a1-237c7d4a8e96,2024-08-28,3787.85,on_time
896ccd2a-b232-461a-8355-ad6a8b7ef46e,2805a816-e06f-4b05-85a1-237c7d4a8e96,2024-09-27,3787.85,on_time
819f626d-26a4-4b14-9229-005eed96a50e,2805a816-e06f-4b05-85a1-237c7d4a8e96,2024-10-27,3787.85,on_time
b72d5c21-9dbc-4ae2-bc9f-07459e25bcad,2805a816-e06f-4b05-85a1-237c7d4a8e96,2024-11-26,3787.85,on_time
058a0e95-992e-4c39-bba5-4376de624e70,2805a816-e06f-4b05-85a1-237c7d4a8e96,2024-12-26,3787.85,on_time
4522c32e-6d46-4dfd-958a-702e0f410c9b,2805a816-e06f-4b05-85a1-237c7d4a8e96,2025-01-25,3787.85,on_time
805a13ff-3287-468b-8c1e-19c4ac638ee5,2805a816-e06f-4b05-85a1-237c7d4a8e96,2025-02-24,3787.85,on_time
5f4b4a4c-469f-416d-9c89-cdc47fec210d,2805a816-e06f-4b05-85a1-237c7d4a8e96,2025-03-26,3787.85,on_time
e6c83973-5625-4ff5-9724-321100235240,2805a816-e06f-4b05-85a1-237c7d4a8e96,2025-04-25,3787.85,on_time
0ec1b75d-72a6-4330-bb2b-2adb32ec9309,69f77128-a0e2-4408-a573-cd92885dbbb3,2024-03-15,1675.31,on_time
1169d349-48ac-4e16-a7c0-eee075b68c6b,69f77128-a0e2-4408-a573-cd92885dbbb3,2024-04-14,0.0,defaulted
6f25024d-5324-441d-8f48-699c965ece1e,69f77128-a0e2-4408-a573-cd92885dbbb3,2024-05-14,1675.31,on_time
f38f73f0-a87c-40b8-badb-f197b2cbc393,69f77128-a0e2-4408-a573-cd92885dbbb3,2024-06-13,1675.31,on_time
94c534d1-bea9-4a26-afc8-b890947595cc,69f77128-a0e2-4408-a573-cd92885dbbb3,2024-07-13,1675.31,on_time
e4cc9565-976e-45b7-8d05-e1d51e7064e9,69f77128-a0e2-4408-a573-cd92885dbbb3,2024-08-12,1675.31,on_time
6d5e08a5-1d5c-466f-955e-0bace573f44a,69f77128-a0e2-4408-a573-cd92885dbbb3,2024-09-11,1675.31,on_time
480128f6-f9fa-4aae-b815-20c7cb7c3097,69f77128-a0e2-4408-a573-cd92885dbbb3,2024-10-11,1675.31,on_time
6aa3622b-b078-4e67-8df9-b7a03897d742,69f77128-a0e2-4408-a573-cd92885dbbb3,2024-11-10,1675.31,on_time
935abca8-8ab1-40ac-a568-095a77b972da,69f77128-a0e2-4408-a573-cd92885dbbb3,2024-12-10,1675.31,on_time
a3ac163a-19d1-4e74-b68f-3021b368c094,69f77128-a0e2-4408-a573-cd92885dbbb3,2025-01-09,1675.31,late
afdf48df-b065-4a29-8cbf-8cd95d2375d7,69f77128-a0e2-4408-a573-cd92885dbbb3,2025-02-08,1675.31,on_time
cbd5ab71-7071-48bb-81b0-d9522cf1e58a,69f77128-a0e2-4408-a573-cd92885dbbb3,2025-03-10,1675.31,on_time
48ff8bcb-2a1c-4b53-9fee-174b31a6e50d,69f77128-a0e2-4408-a573-cd92885dbbb3,2025-04-09,1675.31,on_time
0709f13a-cb3d-4ded-b5a0-21bb1cf7f3b1,03baa917-c1d7-4863-82a9-2d87a92b5eb5,2023-06-18,1851.2,on_time
22561785-fdd1-4677-b033-9a6ee62417c4,03baa917-c1d7-4863-82a9-2d87a92b5eb5,2023-07-18,1851.2,on_time
cdcfb2c5-1b03-444e-b301-c86575a6f87f,03baa917-c1d7-4863-82a9-2d87a92b5eb5,2023-08-17,1851.2,on_time
9b8a4721-0104-4947-a3a7-859e786bf2a4,03baa917-c1d7-4863-82a9-2d87a92b5eb5,2023-09-16,1851.2,on_time
d3a85d68-5351-4003-a318-ec84e9c73a5d,03baa917-c1d7-4863-82a9-2d87a92b5eb5,2023-10-16,1851.2,on_time
0baad790-1946-488a-acd2-2c632f7e3922,03baa917-c1d7-4863-82a9-2d87a92b5eb5,2023-11-15,1851.2,on_time
dbb5be9a-ff18-4016-ac9a-ca519536b69c,03baa917-c1d7-4863-82a9-2d87a92b5eb5,2023-12-15,1851.2,on_time
fb4df9a0-f2b8-415a-904a-4f789d505942,03baa917-c1d7-4863-82a9-2d87a92b5eb5,2024-01-14,1851.2,on_time
547ccf9b-940f-41c8-8cad-58798a6c7c78,03baa917-c1d7-4863-82a9-2d87a92b5eb5,2024-02-13,1851.2,on_time
3fce7124-7455-42ea-9f6e-5dd525e2628e,03baa917-c1d7-4863-82a9-2d87a92b5eb5,2024-03-14,1851.2,on_time
0367b936-6fd2-4fec-913f-c69bf8c8b2ee,03baa917-c1d7-4863-82a9-2d87a92b5eb5,2024-04-13,1851.2,on_time
d6dcadb7-6f62-4c1c-8930-209ff3a454d0,03baa917-c1d7-4863-82a9-2d87a92b5eb5,2024-05-13,1851.2,on_time
701196b9-46a9-43ec-9b90-ae3c419cdfdc,0b0f6d7f-a596-4665-800f-241d8484dd0e,2024-07-17,1727.89,on_time
27b3d224-2c86-4f5a-bfa6-a23fe0b6fdcf,0b0f6d7f-a596-4665-800f-241d8484dd0e,2024-08-16,1727.89,on_time
9437cef2-ef4b-4dee-ade4-d4eb303c93f8,0b0f6d7f-a596-4665-800f-241d8484dd0e,2024-09-15,1727.89,on_time
f38462f8-024a-4abf-be9d-3352419f48b4,0b0f6d7f-a596-4665-800f-241d8484dd0e,2024-10-15,1727.89,on_time
3bbe084a-a889-4aa5-b8f2-27bd793a777c,0b0f6d7f-a596-4665-800f-241d8484dd0e,2024-11-14,1727.89,on_time
bdf5a67e-637f-481c-921e-5fc6d84f4ca7,0b0f6d7f-a596-4665-800f-241d8484dd0e,2024-12-14,1727.89,on_time
82107e46-cf80-4676-9b06-4179886ab046,0b0f6d7f-a596-4665-800f-241d8484dd0e,2025-01-13,1727.89,on_time
a9765dac-c58e-4405-9427-f1364e5d1440,0b0f6d7f-a596-4665-800f-241d8484dd0e,2025-02-12,0.0,defaulted
66e89383-d1f2-48e8-8933-69817455ec51,0b0f6d7f-a596-4665-800f-241d8484dd0e,2025-03-14,1727.89,on_time
789c1665-3094-4246-953c-30eb2fa6c856,0b0f6d7f-a596-4665-800f-241d8484dd0e,2025-04-13,1727.89,late
455ae3e4-a098-42b1-9f12-777d48c90859,7e896990-13c4-4446-861d-d9a15fe2aa75,2024-11-17,1852.78,on_time
6fc89d8e-1ab0-46aa-b84e-8a0d1c7263fa,7e896990-13c4-4446-861d-d9a15fe2aa75,2024-12-17,1852.78,late
779f5b5f-57ee-40a6-ad1a-1b4b11f81e8a,7e896990-13c4-4446-861d-d9a15fe2aa75,2025-01-16,1852.78,late
f4acee58-f146-4032-a105-599afa04a03f,7e896990-13c4-4446-861d-d9a15fe2aa75,2025-02-15,0.0,defaulted
b495522f-96bd-4e30-9dd8-f9d51b623850,7e896990-13c4-4446-861d-d9a15fe2aa75,2025-03-17,1852.78,on_time
1df7a1cb-e402-4539-86ac-48030d31b2c9,7e896990-13c4-4446-861d-d9a15fe2aa75,2025-04-16,1852.78,late
e88f3a24-ef31-42b3-8078-4e1b546d3db4,f74b300c-c4bd-4b36-b194-a969ebd1c0ac,2025-03-26,684.38,on_time
8e172e6a-6f51-4151-8303-7f7fff7802fd,f74b300c-c4bd-4b36-b194-a969ebd1c0ac,2025-04-25,0.0,defaulted
8ba5e7aa-effd-47c9-b06c-06154b4e96a8,d8f37bb6-8166-49bd-9a12-54328c19b5cf,2024-08-09,457.29,on_time
c183656e-3a96-4e71-a490-0ecfdff03eb4,d8f37bb6-8166-49bd-9a12-54328c19b5cf,2024-09-08,457.29,on_time
2eaec380-e3fb-4328-a424-7263db69cad1,d8f37bb6-8166-49bd-9a12-54328c19b5cf,2024-10-08,457.29,on_time
ec763fb8-0dca-4f03-a5c4-3665234c9923,d8f37bb6-8166-49bd-9a12-54328c19b5cf,2024-11-07,457.29,on_time
ccd70d35-345a-4405-a1f3-27a7f9a3a182,d8f37bb6-8166-49bd-9a12-54328c19b5cf,2024-12-07,457.29,on_time
d6129d40-dcf5-44aa-918d-71ccaf2cc5f0,d8f37bb6-8166-49bd-9a12-54328c19b5cf,2025-01-06,457.29,on_time
ace40efd-d63f-4a06-82f2-4e79e56407e8,d8f37bb6-8166-49bd-9a12-54328c19b5cf,2025-02-05,457.29,on_time
15b3079a-f318-40e5-804b-2ac7933fd7e2,d8f37bb6-8166-49bd-9a12-54328c19b5cf,2025-03-07,457.29,on_time
c06898d3-06cb-4926-9ea7-a7fc1a012555,d8f37bb6-8166-49bd-9a12-54328c19b5cf,2025-04-06,457.29,on_time
647a4675-a35a-4a4d-9c5e-ac1bec93ae35,23e03026-a3d0-4488-a1d0-09567a590088,2025-02-07,997.46,on_time
ae707826-50d2-4c15-9e15-41f3beb9587d,23e03026-a3d0-4488-a1d0-09567a590088,2025-03-09,997.46,on_time
cdd686b7-c495-4cfd-bc06-56f526a7fa92,23e03026-a3d0-4488-a1d0-09567a590088,2025-04-08,997.46,on_time
432292ce-1d84-4029-9e54-ee08ddd8f4b9,168ce922-0683-424f-b262-7e625beac1b9,2023-08-22,772.79,on_time
d25380db-f2f4-4bd6-928a-12ec20fd3e1c,168ce922-0683-424f-b262-7e625beac1b9,2023-09-21,772.79,on_time
52226036-86b7-4c78-b335-25ec16956968,168ce922-0683-424f-b262-7e625beac1b9,2023-10-21,772.79,on_time
68974398-4f76-4d03-9e25-1d166f10a837,168ce922-0683-424f-b262-7e625beac1b9,2023-11-20,772.79,on_time
14e98e65-0ecd-40be-8257-7ed61f5c6155,168ce922-0683-424f-b262-7e625beac1b9,2023-12-20,772.79,on_time
afaf327e-64a7-4531-a477-1a6535d1a56c,168ce922-0683-424f-b262-7e625beac1b9,2024-01-19,772.79,on_time
22926776-845d-4851-a9f8-f42ff8e03c4e,168ce922-0683-424f-b262-7e625beac1b9,2024-02-18,772.79,on_time
a2ac1e0f-e25a-4f39-985d-a027641a97d6,168ce922-0683-424f-b262-7e625beac1b9,2024-03-19,772.79,late
95540a84-cfa4-487e-bdd7-516c7286be40,168ce922-0683-424f-b262-7e625beac1b9,2024-04-18,772.79,on_time
0d6ac445-b0a8-4c3c-889a-e9fd67c0e948,168ce922-0683-424f-b262-7e625beac1b9,2024-05-18,772.79,on_time
62b4592e-d600-43e1-8b20-4040de6eccb9,168ce922-0683-424f-b262-7e625beac1b9,2024-06-17,772.79,on_time
4d8ae5a8-61cf-427e-bb71-e7c1198e4d06,168ce922-0683-424f-b262-7e625beac1b9,2024-07-17,772.79,on_time
4feb16a0-cd56-44d9-9a21-f7c9c858dbe0,168ce922-0683-424f-b262-7e625beac1b9,2024-08-16,772.79,on_time
2cb5a8be-e20e-4216-a189-01763b334dc2,168ce922-0683-424f-b262-7e625beac1b9,2024-09-15,772.79,on_time
eb482e1a-2f7a-4025-835c-6150710bf75f,168ce922-0683-424f-b262-7e625beac1b9,2024-10-15,772.79,on_time
1d0d8a6d-aa51-4eda-9b19-5016df9c05f3,168ce922-0683-424f-b262-7e625beac1b9,2024-11-14,772.79,on_time
0ca03f53-3ee2-481d-b31c-e884856528d3,168ce922-0683-424f-b262-7e625beac1b9,2024-12-14,772.79,on_time
9df0d83a-944f-4e7a-a406-38f4a41b7a5e,168ce922-0683-424f-b262-7e625beac1b9,2025-01-13,772.79,on_time
83310340-e208-48f7-9295-afce9c5f7762,168ce922-0683-424f-b262-7e625beac1b9,2025-02-12,0.0,defaulted
a70c9838-213c-49da-92d3-a0329dda00d5,168ce922-0683-424f-b262-7e625beac1b9,2025-03-14,772.79,on_time
7e20daf6-683e-4ef4-88ea-bc086c7f464c,168ce922-0683-424f-b262-7e625beac1b9,2025-04-13,772.79,on_time
e13afd7e-6f54-4dc5-9800-bedcab4361e3,6345a00e-9467-4dbf-a9a6-83b0f9a2f132,2024-03-07,2956.61,on_time
821e0948-d07d-48ba-beb6-70246f0325a9,6345a00e-9467-4dbf-a9a6-83b0f9a2f132,2024-04-06,2956.61,on_time
9f3e0f22-d085-4867-a98f-1472e0824ef8,6345a00e-9467-4dbf-a9a6-83b0f9a2f132,2024-05-06,2956.61,on_time
ce1e2768-e535-47f9-958a-3c6d4f99f44c,6345a00e-9467-4dbf-a9a6-83b0f9a2f132,2024-06-05,2956.61,on_time
46ca171b-162b-4a95-8f9e-5e94b0dd67e5,6345a00e-9467-4dbf-a9a6-83b0f9a2f132,2024-07-05,2956.61,late
58f4fd9b-5e06-47db-b049-ba71972d67a3,6345a00e-9467-4dbf-a9a6-83b0f9a2f132,2024-08-04,2956.61,on_time
71b61a4f-9c29-4d86-8b39-28d57bcfadca,6345a00e-9467-4dbf-a9a6-83b0f9a2f132,2024-09-03,2956.61,on_time
ec7443e4-cd79-4f9b-a327-fb0b42149ade,6345a00e-9467-4dbf-a9a6-83b0f9a2f132,2024-10-03,2956.61,on_time
ec6eb0d3-6a37-495d-bad8-1693fbca98a3,6345a00e-9467-4dbf-a9a6-83b0f9a2f132,2024-11-02,2956.61,on_time
5b769bc7-ae3b-4494-9b88-0ebf7c9b6b58,6345a00e-9467-4dbf-a9a6-83b0f9a2f132,2024-12-02,2956.61,on_time
4505283f-3258-4f0b-acd9-f3a8f0608410,6345a00e-9467-4dbf-a9a6-83b0f9a2f132,2025-01-01,2956.61,on_time
8c32e3fc-c4dc-4f9d-9414-82893b23ae6f,6345a00e-9467-4dbf-a9a6-83b0f9a2f132,2025-01-31,2956.61,on_time
821804d1-4627-43d1-93bb-479d9c7e580b,4de342ce-6b88-4f44-8ab3-0534c521ce28,2023-08-14,1080.19,on_time
99f8f072-41d5-476c-871a-12bff3fd5466,4de342ce-6b88-4f44-8ab3-0534c521ce28,2023-09-13,1080.19,on_time
26080d94-8fbf-4079-9e8c-a3e9c7905b7e,4de342ce-6b88-4f44-8ab3-0534c521ce28,2023-10-13,1080.19,on_time
13f5fd35-5b44-4774-a67d-f8e1ec84c352,4de342ce-6b88-4f44-8ab3-0534c521ce28,2023-11-12,1080.19,on_time
b401decb-aec7-498f-ade3-c2ac66360fab,4de342ce-6b88-4f44-8ab3-0534c521ce28,2023-12-12,1080.19,on_time
66548eda-d50d-42eb-95a2-3bdd9adb5a28,4de342ce-6b88-4f44-8ab3-0534c521ce28,2024-01-11,1080.19,on_time
e60a4cd3-b73f-4156-88ef-37fb646fe061,4de342ce-6b88-4f44-8ab3-0534c521ce28,2024-02-10,0.0,defaulted
adf8fbd2-0a51-47ed-91b3-56ee84bbf4c2,4de342ce-6b88-4f44-8ab3-0534c521ce28,2024-03-11,1080.19,on_time
451b834a-7baa-4e00-a711-f1fbf4c5e09c,4de342ce-6b88-4f44-8ab3-0534c521ce28,2024-04-10,1080.19,late
a81bc85c-0d6d-4595-a30c-04e71b1b1ede,4de342ce-6b88-4f44-8ab3-0534c521ce28,2024-05-10,1080.19,on_time
2b6465e2-0542-45dc-812e-07193de7c353,4de342ce-6b88-4f44-8ab3-0534c521ce28,2024-06-09,1080.19,on_time
cbe34f5a-1980-4a9d-a7f7-5aa02cc11ae5,4de342ce-6b88-4f44-8ab3-0534c521ce28,2024-07-09,1080.19,on_time
c4df2bc3-0ca6-4a75-a741-5d277ab11c6c,4de342ce-6b88-4f44-8ab3-0534c521ce28,2024-08-08,0.0,defaulted
8dc61d63-5892-4c7f-a318-17c824416e06,4de342ce-6b88-4f44-8ab3-0534c521ce28,2024-09-07,1080.19,late
06c61b33-e4a0-43a8-90d5-c4c9f0218411,4de342ce-6b88-4f44-8ab3-0534c521ce28,2024-10-07,1080.19,on_time
20807d77-a3a6-4a35-8ef0-78775ae0d21b,4de342ce-6b88-4f44-8ab3-0534c521ce28,2024-11-06,1080.19,on_time
ce0db643-6275-4606-9573-25f9fc51fe16,4de342ce-6b88-4f44-8ab3-0534c521ce28,2024-12-06,1080.19,on_time
e3e36eab-621e-40a9-8b65-0a103ab17ffe,4de342ce-6b88-4f44-8ab3-0534c521ce28,2025-01-05,1080.19,on_time
a7da7525-3cd4-43b2-a287-b1751263f376,4de342ce-6b88-4f44-8ab3-0534c521ce28,2025-02-04,0.0,defaulted
0a1fb22c-1f98-4a76-ab3f-5f718754392b,4de342ce-6b88-4f44-8ab3-0534c521ce28,2025-03-06,1080.19,on_time
40a02596-0eec-4972-8587-3aa2897d22a4,4de342ce-6b88-4f44-8ab3-0534c521ce28,2025-04-05,1080.19,on_time
248bac75-50da-4d38-8882-8dfd2666b20e,70132fb3-5143-4a53-bb2c-1a15906bbe56,2024-03-30,1443.68,on_time
e0bd2a3b-0ea7-46f9-98b0-232f35a573ff,70132fb3-5143-4a53-bb2c-1a15906bbe56,2024-04-29,1443.68,on_time
2e51dae4-b045-470f-93d4-b5cc8a98c1bd,70132fb3-5143-4a53-bb2c-1a15906bbe56,2024-05-29,1443.68,on_time
2cbaf4d2-6c19-4428-98c8-c85b1152ab35,70132fb3-5143-4a53-bb2c-1a15906bbe56,2024-06-28,1443.68,on_time
a5f48149-bfe8-4a35-96d0-a479ba7b02ac,70132fb3-5143-4a53-bb2c-1a15906bbe56,2024-07-28,1443.68,on_time
960fd1a5-69aa-4eb4-991c-d8d24725fcb0,70132fb3-5143-4a53-bb2c-1a15906bbe56,2024-08-27,1443.68,on_time
1fd88dcf-ce13-49d7-94e2-54ef2cfdfa90,70132fb3-5143-4a53-bb2c-1a15906bbe56,2024-09-26,1443.68,on_time
f20416e1-9604-48f1-89df-a733b4cf06d8,70132fb3-5143-4a53-bb2c-1a15906bbe56,2024-10-26,1443.68,on_time
98b81850-6d6e-4e43-bf1c-0611f67a1bf9,70132fb3-5143-4a53-bb2c-1a15906bbe56,2024-11-25,1443.68,on_time
0467e062-38ca-4ea5-bdc2-004528be7591,70132fb3-5143-4a53-bb2c-1a15906bbe56,2024-12-25,1443.68,on_time
293343cc-1875-4b41-b7a7-926df75c890d,70132fb3-5143-4a53-bb2c-1a15906bbe56,2025-01-24,1443.68,on_time
cfd147ee-c695-483c-8042-1ac9e66a22a7,70132fb3-5143-4a53-bb2c-1a15906bbe56,2025-02-23,0.0,defaulted
b65b4d4e-f23b-44fb-8bf4-770045d6077a,70132fb3-5143-4a53-bb2c-1a15906bbe56,2025-03-25,0.0,defaulted
7fc33683-abca-4eb2-9a5b-809a60d4a036,70132fb3-5143-4a53-bb2c-1a15906bbe56,2025-04-24,1443.68,on_time
d67d8d9c-de2f-40e5-8401-10840d133eeb,c84b28e9-89f0-412e-b1e7-fa3a208e24e5,2024-07-16,2939.65,on_time
12557610-250c-488f-8e2a-82168ba6c3cc,c84b28e9-89f0-412e-b1e7-fa3a208e24e5,2024-08-15,2939.65,on_time
a57f8962-4cd5-4e4d-85da-ef3bfc6cde0d,c84b28e9-89f0-412e-b1e7-fa3a208e24e5,2024-09-14,2939.65,on_time
5b29dc82-d19d-4169-9f97-23ea9020f02e,c84b28e9-89f0-412e-b1e7-fa3a208e24e5,2024-10-14,2939.65,on_time
c13aaee2-92f9-4118-8aab-64b7f098f809,c84b28e9-89f0-412e-b1e7-fa3a208e24e5,2024-11-13,2939.65,on_time
e6dbcaf7-d2dc-493d-92c5-567059fda2c9,c84b28e9-89f0-412e-b1e7-fa3a208e24e5,2024-12-13,2939.65,on_time
ce9ec564-f9cb-4b08-a105-75851e0b9ee3,c84b28e9-89f0-412e-b1e7-fa3a208e24e5,2025-01-12,2939.65,on_time
47c2a42a-b6be-4aab-84f0-c1672fe88263,c84b28e9-89f0-412e-b1e7-fa3a208e24e5,2025-02-11,2939.65,on_time
0364073b-bafe-48e9-882a-2fbb39433195,c84b28e9-89f0-412e-b1e7-fa3a208e24e5,2025-03-13,2939.65,on_time
e42aab1e-a810-4a4a-a826-9d8c031ce0ee,c84b28e9-89f0-412e-b1e7-fa3a208e24e5,2025-04-12,2939.65,on_time
e66365ae-f5d6-4a9c-ba56-a477ba455290,84158d2b-a4d8-4899-a54b-c74a71b64ff3,2024-04-16,1368.81,on_time
cd133610-8bf0-4623-b6fd-c2d170d91090,84158d2b-a4d8-4899-a54b-c74a71b64ff3,2024-05-16,1368.81,on_time
03e2d0ba-b25d-4899-8fb0-ce440ed7e22d,84158d2b-a4d8-4899-a54b-c74a71b64ff3,2024-06-15,1368.81,on_time
499830b8-f038-4abb-b797-46f5e1663eee,84158d2b-a4d8-4899-a54b-c74a71b64ff3,2024-07-15,1368.81,on_time
31c6daca-ef59-402c-8944-6b87e09086da,84158d2b-a4d8-4899-a54b-c74a71b64ff3,2024-08-14,1368.81,on_time
3d7abebb-b049-4d92-a3dd-427a35b73c2e,84158d2b-a4d8-4899-a54b-c74a71b64ff3,2024-09-13,1368.81,on_time
21acfbd1-c7bd-4359-9308-fffb7b0fb01a,84158d2b-a4d8-4899-a54b-c74a71b64ff3,2024-10-13,1368.81,on_time
e76ebf4d-0ba3-472c-b804-087a4a14cb73,84158d2b-a4d8-4899-a54b-c74a71b64ff3,2024-11-12,1368.81,on_time
be9989c4-a62f-435c-9f76-25736cbcb869,84158d2b-a4d8-4899-a54b-c74a71b64ff3,2024-12-12,1368.81,on_time
aa399f09-e052-4260-a9e8-dcc0dfb670a2,84158d2b-a4d8-4899-a54b-c74a71b64ff3,2025-01-11,1368.81,late
0ea02e4e-58fa-455f-ab47-e4de605e7f54,84158d2b-a4d8-4899-a54b-c74a71b64ff3,2025-02-10,1368.81,on_time
66c4f392-30c0-417b-ae30-4d6394052ffb,84158d2b-a4d8-4899-a54b-c74a71b64ff3,2025-03-12,1368.81,on_time
8fb5554d-bac9-4d6b-86bd-e5260eea8e18,84158d2b-a4d8-4899-a54b-c74a71b64ff3,2025-04-11,1368.81,on_time
9e6b947a-b328-4d59-a121-6fc729be6583,04d1c1fd-da21-4917-94dc-38c29ec315d4,2025-02-17,381.93,on_time
e46edd56-3811-4ec8-88da-5506c904dbd2,04d1c1fd-da21-4917-94dc-38c29ec315d4,2025-03-19,381.93,on_time
d255770e-7658-4c42-a61d-2b6b92763640,04d1c1fd-da21-4917-94dc-38c29ec315d4,2025-04-18,381.93,on_time
7796d064-5a71-494f-a5a0-ebf76f474efb,3803dc53-c693-4a13-8f2d-3a09fb0578a7,2024-08-27,1260.4,on_time
fb08cd52-7051-493c-ae72-9d0f1d0805cc,3803dc53-c693-4a13-8f2d-3a09fb0578a7,2024-09-26,1260.4,on_time
6a752aff-a1da-4901-a809-f4036bb2c83f,3803dc53-c693-4a13-8f2d-3a09fb0578a7,2024-10-26,1260.4,on_time
ab1faf84-69cf-43d3-8589-6f29acf2baa5,3803dc53-c693-4a13-8f2d-3a09fb0578a7,2024-11-25,1260.4,late
5576afe5-2ced-48ec-b830-33bc2a75c275,3803dc53-c693-4a13-8f2d-3a09fb0578a7,2024-12-25,1260.4,on_time
e6a7e163-47a5-43e9-b8b0-3a71844aea5e,3803dc53-c693-4a13-8f2d-3a09fb0578a7,2025-01-24,1260.4,on_time
6b8d8866-966c-4693-8026-f149d0e6a4ea,3803dc53-c693-4a13-8f2d-3a09fb0578a7,2025-02-23,1260.4,on_time
9c430840-ef1e-4fe2-9934-6a67d9819581,3803dc53-c693-4a13-8f2d-3a09fb0578a7,2025-03-25,1260.4,on_time
ed25e9de-5fbd-4e81-bbcf-a160db8cb588,3803dc53-c693-4a13-8f2d-3a09fb0578a7,2025-04-24,1260.4,on_time
57446623-57de-4e0a-af86-866fe6ee2b51,c5bec783-301e-4cd4-bdd4-bde93fede81a,2023-08-08,688.73,on_time
1e2212b4-5574-437e-8339-6edb1ff3cc2b,c5bec783-301e-4cd4-bdd4-bde93fede81a,2023-09-07,0.0,defaulted
2f1f286a-92df-4b34-82d0-8fde7e0a09c4,c5bec783-301e-4cd4-bdd4-bde93fede81a,2023-10-07,688.73,on_time
1af81fc6-204e-4e21-aeed-2c1f5be065c1,c5bec783-301e-4cd4-bdd4-bde93fede81a,2023-11-06,688.73,on_time
5ce50b97-d762-4327-9fec-ee00497f626f,c5bec783-301e-4cd4-bdd4-bde93fede81a,2023-12-06,688.73,on_time
c229122d-4f3b-4a6f-b085-9d9de8bfaeb6,c5bec783-301e-4cd4-bdd4-bde93fede81a,2024-01-05,688.73,on_time
066960c2-ca2a-40c3-a047-a3af746658dd,c5bec783-301e-4cd4-bdd4-bde93fede81a,2024-02-04,688.73,on_time
382a9efb-9979-49f1-a5ed-c346b7f60743,c5bec783-301e-4cd4-bdd4-bde93fede81a,2024-03-05,688.73,late
2f51469b-b248-4988-9e7d-e45ad067e2d5,c5bec783-301e-4cd4-bdd4-bde93fede81a,2024-04-04,688.73,on_time
72de151c-0468-4da2-af7e-de3be3b9780b,c5bec783-301e-4cd4-bdd4-bde93fede81a,2024-05-04,688.73,on_time
86c1911e-4846-40e2-aa35-7945189aa939,c5bec783-301e-4cd4-bdd4-bde93fede81a,2024-06-03,688.73,on_time
61e2b8aa-40ed-4209-82e3-3e134402dd82,c5bec783-301e-4cd4-bdd4-bde93fede81a,2024-07-03,688.73,on_time
c0a49ba6-3190-4d70-a43c-36ad9916d331,c5bec783-301e-4cd4-bdd4-bde93fede81a,2024-08-02,688.73,on_time
c9794288-9a59-42a2-9d9e-7c3e0a5f76e2,c5bec783-301e-4cd4-bdd4-bde93fede81a,2024-09-01,688.73,on_time
35f96998-e6b7-4406-91a9-984951fd8521,c5bec783-301e-4cd4-bdd4-bde93fede81a,2024-10-01,688.73,on_time
b7247176-9e9f-41f2-ac67-412d8f4ea5d8,c5bec783-301e-4cd4-bdd4-bde93fede81a,2024-10-31,688.73,on_time
d5760721-1774-4b67-8af0-eab430c4dfd5,c5bec783-301e-4cd4-bdd4-bde93fede81a,2024-11-30,688.73,on_time
661517bf-e7d6-406d-8813-f2271bed3ddc,c5bec783-301e-4cd4-bdd4-bde93fede81a,2024-12-30,688.73,on_time
b7e054a7-189a-42f9-a7bd-34cebbdabf68,c5bec783-301e-4cd4-bdd4-bde93fede81a,2025-01-29,688.73,on_time
1a5a311f-fbfc-412a-9c6f-edc8faec0530,c5bec783-301e-4cd4-bdd4-bde93fede81a,2025-02-28,688.73,on_time
8820110b-4d03-4396-b8c2-0ba324bdb346,c5bec783-301e-4cd4-bdd4-bde93fede81a,2025-03-30,688.73,on_time
498f2c5a-aa88-46f4-bf8f-821dd4b01e0c,c5bec783-301e-4cd4-bdd4-bde93fede81a,2025-04-29,688.73,on_time
a4ffd6a7-c7d3-40bc-93c3-3dbbb75bffa5,bf0969eb-6a1a-45c3-ae36-0d8d9c04d9c0,2023-09-16,3765.52,on_time
5e02413e-7678-46b3-a73b-f8e520ec55e9,bf0969eb-6a1a-45c3-ae36-0d8d9c04d9c0,2023-10-16,3765.52,on_time
15a075e4-1356-4124-8a86-066f54b16d18,bf0969eb-6a1a-45c3-ae36-0d8d9c04d9c0,2023-11-15,3765.52,on_time
8bff56a4-b6ac-42b2-8c80-d9e2f77f921d,bf0969eb-6a1a-45c3-ae36-0d8d9c04d9c0,2023-12-15,3765.52,on_time
70a2ac33-6c69-4137-8adc-4e24dbbf14f6,bf0969eb-6a1a-45c3-ae36-0d8d9c04d9c0,2024-01-14,3765.52,on_time
3bab944e-389b-4e53-af1f-a020fa348b50,bf0969eb-6a1a-45c3-ae36-0d8d9c04d9c0,2024-02-13,3765.52,on_time
28f6201f-bb43-4805-ba74-3eaeea69e844,bf0969eb-6a1a-45c3-ae36-0d8d9c04d9c0,2024-03-14,3765.52,on_time
a5c16823-5731-4648-8a15-896d66233d0a,bf0969eb-6a1a-45c3-ae36-0d8d9c04d9c0,2024-04-13,3765.52,on_time
cebabc8a-a962-400b-82a6-5c4137ec47f8,bf0969eb-6a1a-45c3-ae36-0d8d9c04d9c0,2024-05-13,0.0,defaulted
89f7bc7b-5f9d-45ab-a3a7-fb44ba820dde,bf0969eb-6a1a-45c3-ae36-0d8d9c04d9c0,2024-06-12,3765.52,on_time
e13424c0-eb65-4411-97a7-a20ed4017553,bf0969eb-6a1a-45c3-ae36-0d8d9c04d9c0,2024-07-12,3765.52,on_time
b2f1976c-5f63-4fcd-8eae-7eeacdb18e5b,bf0969eb-6a1a-45c3-ae36-0d8d9c04d9c0,2024-08-11,3765.52,on_time
7b415b4d-b141-4b47-9486-c9e43578d120,34147feb-7a7d-4025-9e3c-aabbb162e360,2024-03-25,1006.33,on_time
28b990c4-a051-450f-9cc7-32baba90b1c7,34147feb-7a7d-4025-9e3c-aabbb162e360,2024-04-24,1006.33,on_time
7bdd73ed-4688-4602-82e5-dbea554fb4d5,34147feb-7a7d-4025-9e3c-aabbb162e360,2024-05-24,1006.33,late
7b807d1a-21fe-4d79-8137-b94fec8ee505,34147feb-7a7d-4025-9e3c-aabbb162e360,2024-06-23,1006.33,on_time
cf98f228-acd2-4776-9219-93c8c56b2c98,34147feb-7a7d-4025-9e3c-aabbb162e360,2024-07-23,0.0,defaulted
47b9b4ec-2547-49e7-9095-3647601ad1f1,34147feb-7a7d-4025-9e3c-aabbb162e360,2024-08-22,1006.33,on_time
1e4ff544-422e-45fe-8820-16b4b979947c,34147feb-7a7d-4025-9e3c-aabbb162e360,2024-09-21,1006.33,on_time
2e4fc52f-691a-45d3-8900-8497caf920fb,34147feb-7a7d-4025-9e3c-aabbb162e360,2024-10-21,1006.33,on_time
7f297998-6792-4024-b5a0-b9e22cc3de17,34147feb-7a7d-4025-9e3c-aabbb162e360,2024-11-20,1006.33,on_time
7297c790-5d55-4fb0-a295-1fb0bbf8f286,34147feb-7a7d-4025-9e3c-aabbb162e360,2024-12-20,1006.33,on_time
e114f0f0-23ef-4b92-b47b-ee43958aed95,34147feb-7a7d-4025-9e3c-aabbb162e360,2025-01-19,1006.33,on_time
c5cbf77f-61c3-4a89-a0a4-88640a2fb191,34147feb-7a7d-4025-9e3c-aabbb162e360,2025-02-18,1006.33,on_time
7724ca75-87c2-4ce9-aa74-0c9b76e4637f,34147feb-7a7d-4025-9e3c-aabbb162e360,2025-03-20,1006.33,on_time
622a4d5a-beaf-444d-a15e-b51c0c180616,34147feb-7a7d-4025-9e3c-aabbb162e360,2025-04-19,1006.33,on_time
e7855320-ea90-48a7-a641-cde2ca6e4d40,164ec671-0d66-4dcf-9b94-c50439cd0115,2023-12-30,1225.73,on_time
5f6cf110-6105-4fad-9bb3-7a281b72bf2f,164ec671-0d66-4dcf-9b94-c50439cd0115,2024-01-29,1225.73,on_time
0c11325e-3d53-48ea-a35e-fb2647e5c2a3,164ec671-0d66-4dcf-9b94-c50439cd0115,2024-02-28,1225.73,on_time
0b41707e-ff35-4e98-bda0-62f18ad32b0c,164ec671-0d66-4dcf-9b94-c50439cd0115,2024-03-29,1225.73,on_time
d66ad563-f979-43ee-9bbe-f885db0923d4,164ec671-0d66-4dcf-9b94-c50439cd0115,2024-04-28,1225.73,on_time
213dd712-1a86-44d1-ba3d-c317957dc7d8,164ec671-0d66-4dcf-9b94-c50439cd0115,2024-05-28,1225.73,on_time
e2c120c5-1f19-4177-b8f0-870fbc1c3bbf,164ec671-0d66-4dcf-9b94-c50439cd0115,2024-06-27,1225.73,on_time
cbabdb96-1d13-4c84-8eca-ce311bc30826,164ec671-0d66-4dcf-9b94-c50439cd0115,2024-07-27,1225.73,on_time
cbc10583-6628-4bbd-b48a-dc219e67236a,164ec671-0d66-4dcf-9b94-c50439cd0115,2024-08-26,1225.73,on_time
bb55315e-4f0b-4a5a-ad53-b35c985081ff,164ec671-0d66-4dcf-9b94-c50439cd0115,2024-09-25,1225.73,on_time
7aed2ec1-a907-4038-879d-d87ea073cc9c,164ec671-0d66-4dcf-9b94-c50439cd0115,2024-10-25,1225.73,on_time
796cd2a1-7c6a-4624-9744-e056e55fb8ea,164ec671-0d66-4dcf-9b94-c50439cd0115,2024-11-24,1225.73,on_time
3dc40ea1-aaf0-4a1d-bb0b-fe64e152a90a,164ec671-0d66-4dcf-9b94-c50439cd0115,2024-12-24,1225.73,on_time
11710785-f8c0-4f19-ba45-451fe8d37fac,164ec671-0d66-4dcf-9b94-c50439cd0115,2025-01-23,1225.73,on_time
d92f9b53-86ab-446d-8e72-3b0585d4fa36,164ec671-0d66-4dcf-9b94-c50439cd0115,2025-02-22,1225.73,late
0d89cd07-6536-404f-97fd-57f899313218,164ec671-0d66-4dcf-9b94-c50439cd0115,2025-03-24,1225.73,on_time
be7a8182-5e68-4358-aeaf-2be3133cfe3e,164ec671-0d66-4dcf-9b94-c50439cd0115,2025-04-23,1225.73,on_time
d2650cd4-dc45-4eca-a15e-5a2d6edd75f0,94659765-789c-4f43-935a-a30632ffd244,2024-01-27,811.66,on_time
256d158d-a7fc-44da-812a-267e24ee5e76,94659765-789c-4f43-935a-a30632ffd244,2024-02-26,811.66,on_time
49a69bd3-d421-47e9-b5cd-2549129d0dfd,94659765-789c-4f43-935a-a30632ffd244,2024-03-27,811.66,on_time
7b564cf3-544d-42c6-a70d-52768440b0be,94659765-789c-4f43-935a-a30632ffd244,2024-04-26,811.66,on_time
d03d4f06-c2e0-4483-bc95-aa995613a8ec,94659765-789c-4f43-935a-a30632ffd244,2024-05-26,811.66,on_time
3bef9ec0-296f-4204-876a-b2c0da710f80,94659765-789c-4f43-935a-a30632ffd244,2024-06-25,811.66,on_time
03245535-6311-446f-9dea-1d29e0e687bc,94659765-789c-4f43-935a-a30632ffd244,2024-07-25,811.66,on_time
7903642d-0629-4a1b-9197-d23c92412e9f,94659765-789c-4f43-935a-a30632ffd244,2024-08-24,811.66,on_time
86ebffdd-77ad-4643-9a72-af0bc2ec46d1,94659765-789c-4f43-935a-a30632ffd244,2024-09-23,811.66,on_time
c93d8e10-4c88-4a07-9aae-35f94d10281a,94659765-789c-4f43-935a-a30632ffd244,2024-10-23,811.66,on_time
813c771f-a877-4f60-a1fe-1200ff499e1c,94659765-789c-4f43-935a-a30632ffd244,2024-11-22,811.66,on_time
3eb9d9a5-4fa3-453e-8777-a5022ad572f9,94659765-789c-4f43-935a-a30632ffd244,2024-12-22,811.66,on_time
f719b20c-2c12-44ae-8158-e45692eaeebc,94659765-789c-4f43-935a-a30632ffd244,2025-01-21,811.66,on_time
5b65e806-820f-4ccd-b046-5d324c1062f3,94659765-789c-4f43-935a-a30632ffd244,2025-02-20,811.66,on_time
5d2f2c1c-2794-4f4b-8a60-5fd07226b2a8,94659765-789c-4f43-935a-a30632ffd244,2025-03-22,811.66,on_time
57b57750-951c-4804-934f-1860e796b83d,94659765-789c-4f43-935a-a30632ffd244,2025-04-21,811.66,on_time
10938414-acbb-4ee8-a0d6-20832e0cd7be,eee60f9a-e00a-4d4e-864c-a3ba72d2bd98,2024-04-20,258.9,on_time
c44b1d24-caaa-4621-b84b-b2b672a27228,eee60f9a-e00a-4d4e-864c-a3ba72d2bd98,2024-05-20,258.9,on_time
2cf47199-f1c7-43aa-a289-047cd87135c0,eee60f9a-e00a-4d4e-864c-a3ba72d2bd98,2024-06-19,258.9,on_time
a10ecee6-94c2-4b14-a318-b0c5e4d5c913,eee60f9a-e00a-4d4e-864c-a3ba72d2bd98,2024-07-19,258.9,on_time
ed25ee47-7903-48c7-8d85-352a7f13893b,eee60f9a-e00a-4d4e-864c-a3ba72d2bd98,2024-08-18,258.9,on_time
7fc4f9f2-043b-4b49-89ab-273131bc31e0,eee60f9a-e00a-4d4e-864c-a3ba72d2bd98,2024-09-17,258.9,on_time
5c3004d9-e1fb-4331-bfe6-deffcb1841ef,eee60f9a-e00a-4d4e-864c-a3ba72d2bd98,2024-10-17,258.9,on_time
afee309f-255b-4aa6-8d6f-f9465e120a7a,eee60f9a-e00a-4d4e-864c-a3ba72d2bd98,2024-11-16,258.9,on_time
bcf190c7-36f3-4fb9-9c3a-3624b3467adb,eee60f9a-e00a-4d4e-864c-a3ba72d2bd98,2024-12-16,258.9,on_time
bad7569e-479a-4759-8255-bb9630e9896a,eee60f9a-e00a-4d4e-864c-a3ba72d2bd98,2025-01-15,258.9,on_time
7cc165d7-43ba-4788-add5-d9fe559616fd,eee60f9a-e00a-4d4e-864c-a3ba72d2bd98,2025-02-14,258.9,on_time
40e507da-3f98-46d9-85f0-868251635005,eee60f9a-e00a-4d4e-864c-a3ba72d2bd98,2025-03-16,258.9,on_time
f1d3e7a7-b61b-49b1-9533-71287305960f,eee60f9a-e00a-4d4e-864c-a3ba72d2bd98,2025-04-15,258.9,on_time
ff72ff06-f411-4272-8955-8134610b9dfb,ce7b33db-da33-4536-9c14-f3f92cc60002,2023-12-11,462.77,on_time
dc87ee3c-55e2-4f32-ac26-f2e8be3d3fc2,ce7b33db-da33-4536-9c14-f3f92cc60002,2024-01-10,0.0,defaulted
eca35276-8c19-4a2d-b3a7-094ec7422707,ce7b33db-da33-4536-9c14-f3f92cc60002,2024-02-09,462.77,on_time
a3b54116-fdc9-4755-b6bd-f68e3cddfe7e,ce7b33db-da33-4536-9c14-f3f92cc60002,2024-03-10,462.77,on_time
085bac87-8447-40f8-9a5c-31611bb8d7bb,ce7b33db-da33-4536-9c14-f3f92cc60002,2024-04-09,462.77,late
eefe9e61-645b-4f76-8014-f95987a3ebc4,ce7b33db-da33-4536-9c14-f3f92cc60002,2024-05-09,462.77,on_time
6f34c507-fa60-4d5b-9478-d6cb8c3c0391,ce7b33db-da33-4536-9c14-f3f92cc60002,2024-06-08,462.77,on_time
8b2102be-948f-45db-acea-f8a34a0871ba,ce7b33db-da33-4536-9c14-f3f92cc60002,2024-07-08,462.77,on_time
069b8bbc-4c09-46f1-8922-04e8e9c678cc,ce7b33db-da33-4536-9c14-f3f92cc60002,2024-08-07,462.77,on_time
5ccadfde-96cb-47a9-baad-e2fbfc64b996,ce7b33db-da33-4536-9c14-f3f92cc60002,2024-09-06,462.77,on_time
8a370668-7005-4912-bf69-21ce4bb0d06a,ce7b33db-da33-4536-9c14-f3f92cc60002,2024-10-06,462.77,on_time
18df4acb-caa9-4b4b-b0f3-f1ff897e5491,ce7b33db-da33-4536-9c14-f3f92cc60002,2024-11-05,462.77,on_time
b92a864c-6450-4d2f-97c7-6c5e81c37292,ce7b33db-da33-4536-9c14-f3f92cc60002,2024-12-05,462.77,on_time
915a4230-452b-4bbd-a1a6-7b51920d1d1d,ce7b33db-da33-4536-9c14-f3f92cc60002,2025-01-04,462.77,on_time
b8737445-8c37-4d50-92d8-5515b3f7b12b,ce7b33db-da33-4536-9c14-f3f92cc60002,2025-02-03,462.77,on_time
3059d847-2889-4f3b-a185-00bd6aeab423,ce7b33db-da33-4536-9c14-f3f92cc60002,2025-03-05,462.77,on_time
5cdcf4a6-91e6-4be4-a4c3-105d7a9494c0,ce7b33db-da33-4536-9c14-f3f92cc60002,2025-04-04,462.77,on_time
78c535c6-7a70-4bb1-bd9f-a5f756dcdd28,ce7b33db-da33-4536-9c14-f3f92cc60002,2025-05-04,462.77,on_time
acc6678b-17d1-417b-8c07-49dc04c25419,8f3ea1ff-32c7-44fb-938c-b0e41f730ddb,2023-09-08,3225.51,on_time
443ae36a-e659-4e78-b754-e662703012b6,8f3ea1ff-32c7-44fb-938c-b0e41f730ddb,2023-10-08,3225.51,on_time
5f27f82f-cc02-4b63-9c1f-0604898ebfa6,8f3ea1ff-32c7-44fb-938c-b0e41f730ddb,2023-11-07,3225.51,late
e6bf125e-3b16-4639-b3da-0edc635b254e,8f3ea1ff-32c7-44fb-938c-b0e41f730ddb,2023-12-07,3225.51,late
f2767c86-df7c-4500-a770-5640b299b156,8f3ea1ff-32c7-44fb-938c-b0e41f730ddb,2024-01-06,3225.51,on_time
d5554b78-40a2-4b38-bb1f-a0ada177017c,8f3ea1ff-32c7-44fb-938c-b0e41f730ddb,2024-02-05,3225.51,on_time
7d36dbff-36e1-43ba-916a-6e31f73c51b4,8f3ea1ff-32c7-44fb-938c-b0e41f730ddb,2024-03-06,3225.51,on_time
103b414b-aa5f-45f1-8251-a1a40d8f7645,8f3ea1ff-32c7-44fb-938c-b0e41f730ddb,2024-04-05,3225.51,on_time
3753d727-9fb8-47fa-ae2d-1d047f93d3d2,8f3ea1ff-32c7-44fb-938c-b0e41f730ddb,2024-05-05,3225.51,on_time
09178086-c726-49e6-8472-218223a7b760,8f3ea1ff-32c7-44fb-938c-b0e41f730ddb,2024-06-04,3225.51,on_time
e5e97048-560d-493f-84cd-bb41b4f96e37,8f3ea1ff-32c7-44fb-938c-b0e41f730ddb,2024-07-04,3225.51,on_time
780ffd12-13c2-4ef7-a872-deaed3023256,8f3ea1ff-32c7-44fb-938c-b0e41f730ddb,2024-08-03,3225.51,on_time
b6133e50-465e-4b34-90dc-35c6206fa78a,3369327c-b152-495f-8f33-417c5069b301,2023-11-09,1187.93,on_time
278ef1fb-ed2b-477c-b334-fdf59cbfd0ae,3369327c-b152-495f-8f33-417c5069b301,2023-12-09,1187.93,on_time
562207ba-93e9-4185-b8c7-f154caff606e,3369327c-b152-495f-8f33-417c5069b301,2024-01-08,1187.93,on_time
9c8b3a8c-3d11-479c-a305-3ab300d5b898,3369327c-b152-495f-8f33-417c5069b301,2024-02-07,1187.93,on_time
4a6a383c-0a8f-479a-8806-96d1fb0d17b8,3369327c-b152-495f-8f33-417c5069b301,2024-03-08,1187.93,on_time
e9115aff-02f4-47a1-b956-99d102f52f8d,3369327c-b152-495f-8f33-417c5069b301,2024-04-07,1187.93,on_time
41d26971-d954-45ec-86c8-0b91ce413f61,3369327c-b152-495f-8f33-417c5069b301,2024-05-07,1187.93,on_time
1e7c1f90-9b6a-4e78-8e8f-11e80ab80892,3369327c-b152-495f-8f33-417c5069b301,2024-06-06,1187.93,on_time
b058abe7-52d3-4e4a-ac64-a412cbb6f5aa,3369327c-b152-495f-8f33-417c5069b301,2024-07-06,1187.93,late
9aca8406-d931-4791-822b-d4d07cb1fab7,3369327c-b152-495f-8f33-417c5069b301,2024-08-05,1187.93,on_time
4aa068e3-b4d9-4ea2-a8cb-c0b215a20d8b,3369327c-b152-495f-8f33-417c5069b301,2024-09-04,1187.93,on_time
ed919269-becc-4f24-b588-5b65f592d270,3369327c-b152-495f-8f33-417c5069b301,2024-10-04,1187.93,on_time
d35b2ba2-30a6-413d-9d05-424db0fa3eef,3369327c-b152-495f-8f33-417c5069b301,2024-11-03,1187.93,on_time
e2cbb387-7281-4031-8a34-89010f951503,3369327c-b152-495f-8f33-417c5069b301,2024-12-03,1187.93,on_time
f0bd07c1-815f-4d26-8636-df2a7a5f1720,3369327c-b152-495f-8f33-417c5069b301,2025-01-02,1187.93,on_time
ff2a0c68-ce4e-43fd-a81e-05e193fc5c5f,3369327c-b152-495f-8f33-417c5069b301,2025-02-01,1187.93,on_time
9fbe8700-ba33-4588-a4cc-e34c0f6d1e16,3369327c-b152-495f-8f33-417c5069b301,2025-03-03,1187.93,on_time
d62a3c57-e71b-416b-b66a-47b5923e930f,3369327c-b152-495f-8f33-417c5069b301,2025-04-02,1187.93,on_time
186ae2f0-8abc-40f9-bc6a-ba77d815c230,3369327c-b152-495f-8f33-417c5069b301,2025-05-02,0.0,defaulted
92879079-797b-4bf7-b8e9-9521744eaabd,49b6ffa2-ce81-479b-97cb-651dc8a3069d,2024-07-01,822.04,on_time
7c6e2917-2787-4ba6-95a3-78cecd089205,49b6ffa2-ce81-479b-97cb-651dc8a3069d,2024-07-31,822.04,on_time
a9b34550-dc1f-4205-8162-0e14f50e3788,49b6ffa2-ce81-479b-97cb-651dc8a3069d,2024-08-30,822.04,on_time
93f72800-2b92-4910-8096-d55050614268,49b6ffa2-ce81-479b-97cb-651dc8a3069d,2024-09-29,822.04,on_time
d103942e-c9bf-450d-a1f5-a4cdb525d5f9,49b6ffa2-ce81-479b-97cb-651dc8a3069d,2024-10-29,822.04,on_time
75498abf-e674-40e5-af06-4b2b6325745c,49b6ffa2-ce81-479b-97cb-651dc8a3069d,2024-11-28,822.04,on_time
9281fa0b-f7b1-4cce-be1e-b3669dc44f45,49b6ffa2-ce81-479b-97cb-651dc8a3069d,2024-12-28,822.04,on_time
9c52b59a-013a-4d8d-84db-0500e38a822f,49b6ffa2-ce81-479b-97cb-651dc8a3069d,2025-01-27,822.04,on_time
893f5d9e-c842-4dc7-90e7-3112296b707f,49b6ffa2-ce81-479b-97cb-651dc8a3069d,2025-02-26,822.04,on_time
c6264392-57e8-4a93-990e-0c74b23b018e,49b6ffa2-ce81-479b-97cb-651dc8a3069d,2025-03-28,822.04,on_time
43dc60d8-e165-43c2-ad15-74488b939465,49b6ffa2-ce81-479b-97cb-651dc8a3069d,2025-04-27,822.04,on_time
d1fe06af-cdad-4f60-ad7e-69209ee9c133,509739ef-72e5-4194-be46-71622ecaead4,2025-04-06,3947.18,on_time
8c8e9782-7f50-4cea-91ee-77bf2a0ce76a,faeb4f3d-fcb0-45e4-94b0-e8bc21eb6806,2024-02-01,859.34,late
925ae677-810d-44cd-a965-db5204a1915c,faeb4f3d-fcb0-45e4-94b0-e8bc21eb6806,2024-03-02,859.34,on_time
425d5ece-89c4-4f19-bb65-3fb4ae61f8ed,faeb4f3d-fcb0-45e4-94b0-e8bc21eb6806,2024-04-01,859.34,on_time
53bd3e72-567c-41eb-b051-b6883b0cd206,faeb4f3d-fcb0-45e4-94b0-e8bc21eb6806,2024-05-01,859.34,on_time
0d8f0abe-d81a-42dd-be40-0f8882366ab7,faeb4f3d-fcb0-45e4-94b0-e8bc21eb6806,2024-05-31,859.34,late
bc18ea25-b61e-4932-aa72-5e9846d7e8da,faeb4f3d-fcb0-45e4-94b0-e8bc21eb6806,2024-06-30,859.34,on_time
0a78f5b9-d6b9-4962-93eb-08fb2bd4ea59,faeb4f3d-fcb0-45e4-94b0-e8bc21eb6806,2024-07-30,859.34,on_time
870bee4d-8225-477e-a320-53111d17494c,faeb4f3d-fcb0-45e4-94b0-e8bc21eb6806,2024-08-29,859.34,on_time
2fcc378d-d8e4-42ff-a7e1-548d7018c9e8,faeb4f3d-fcb0-45e4-94b0-e8bc21eb6806,2024-09-28,859.34,on_time
6f63de50-c307-4b1a-a47c-ae0af21d8270,faeb4f3d-fcb0-45e4-94b0-e8bc21eb6806,2024-10-28,859.34,on_time
7518299b-b1fe-4ba9-af7b-4e9f4979f4f0,faeb4f3d-fcb0-45e4-94b0-e8bc21eb6806,2024-11-27,859.34,on_time
792e545b-a4c5-4609-8fda-8dcab37fa9f0,faeb4f3d-fcb0-45e4-94b0-e8bc21eb6806,2024-12-27,859.34,on_time
68fe35e2-abc5-4811-9c52-27305f43f9c6,faeb4f3d-fcb0-45e4-94b0-e8bc21eb6806,2025-01-26,859.34,on_time
76ecd96b-1e29-4cfc-8b29-24a1a9cda966,faeb4f3d-fcb0-45e4-94b0-e8bc21eb6806,2025-02-25,859.34,on_time
a02f0845-c467-4717-9311-e6285ad27a07,faeb4f3d-fcb0-45e4-94b0-e8bc21eb6806,2025-03-27,859.34,on_time
b3cd56b3-3f2a-495f-a01c-b2c95f8a910b,faeb4f3d-fcb0-45e4-94b0-e8bc21eb6806,2025-04-26,859.34,on_time
e82375bd-dc16-4f21-938e-0d8143c0bcd8,634efc65-e20f-4a29-9ccb-b764e36f32a1,2024-12-29,232.06,on_time
5de04012-212b-437e-a2ab-f6dc4ca02c89,634efc65-e20f-4a29-9ccb-b764e36f32a1,2025-01-28,232.06,on_time
dc1724f6-bc39-45a0-a17d-a570fa293ee3,634efc65-e20f-4a29-9ccb-b764e36f32a1,2025-02-27,0.0,defaulted
11b3b011-5b61-43bf-9e89-5c44133c0962,634efc65-e20f-4a29-9ccb-b764e36f32a1,2025-03-29,232.06,on_time
6c04a014-d59a-42c9-91fc-1dd5423ed607,634efc65-e20f-4a29-9ccb-b764e36f32a1,2025-04-28,232.06,on_time
5e6eae0d-0b91-4b42-acea-bd00f9b61c29,7a6792ad-8e4a-4035-a19b-b1c2484f48bc,2024-04-02,1400.06,on_time
7e108dec-da67-4442-a0fb-33339bebba87,7a6792ad-8e4a-4035-a19b-b1c2484f48bc,2024-05-02,1400.06,on_time
2f7c013f-0635-494c-8dcd-6c19d8996200,7a6792ad-8e4a-4035-a19b-b1c2484f48bc,2024-06-01,1400.06,on_time
b318b2fb-5c8d-40b9-902d-20a3a036236e,7a6792ad-8e4a-4035-a19b-b1c2484f48bc,2024-07-01,1400.06,late
1abc26dc-7467-4d86-91ff-4947a780d076,7a6792ad-8e4a-4035-a19b-b1c2484f48bc,2024-07-31,1400.06,on_time
d2629aee-7a1b-40b8-93e7-fa2d8254fd9a,7a6792ad-8e4a-4035-a19b-b1c2484f48bc,2024-08-30,1400.06,on_time
b4cb1ab0-bb0b-4679-bb66-42931a83eb0d,7a6792ad-8e4a-4035-a19b-b1c2484f48bc,2024-09-29,1400.06,on_time
8d183dd7-192a-480c-881b-aea7d2ae41d0,7a6792ad-8e4a-4035-a19b-b1c2484f48bc,2024-10-29,1400.06,on_time
7ead529a-293f-4472-a1ab-9aff59033299,7a6792ad-8e4a-4035-a19b-b1c2484f48bc,2024-11-28,1400.06,on_time
05fbab7e-80c5-43a8-85db-a084a67f9e66,7a6792ad-8e4a-4035-a19b-b1c2484f48bc,2024-12-28,1400.06,on_time
1b02c8dc-46ea-45e4-a709-c22c524afa60,7a6792ad-8e4a-4035-a19b-b1c2484f48bc,2025-01-27,1400.06,on_time
7caf5930-cd09-42f3-b926-28a03e65c24f,7a6792ad-8e4a-4035-a19b-b1c2484f48bc,2025-02-26,1400.06,on_time
af7127c9-7c63-46ab-9b77-690f3b901f10,7a6792ad-8e4a-4035-a19b-b1c2484f48bc,2025-03-28,1400.06,late
16393868-9f91-47f5-b39e-9f31100d9f20,7a6792ad-8e4a-4035-a19b-b1c2484f48bc,2025-04-27,1400.06,on_time
c750539c-fb7d-4df5-897a-c929f04c2a2b,1bdf7449-0bfd-48c9-ba08-10c9b4a9fb84,2025-05-02,2018.6,on_time
eae32c45-8e2c-4b87-ac41-903f8e3943ab,6b0521cc-c577-4b44-872e-404577a030c5,2024-01-26,1625.31,on_time
8958b606-8314-46bd-a35b-98857940ca2c,6b0521cc-c577-4b44-872e-404577a030c5,2024-02-25,1625.31,on_time
294ac809-601f-4940-ba39-a2f7074723ba,6b0521cc-c577-4b44-872e-404577a030c5,2024-03-26,1625.31,on_time
c7db3530-1f20-4305-ab85-61c9bacf166e,6b0521cc-c577-4b44-872e-404577a030c5,2024-04-25,1625.31,on_time
177c8adf-6ca1-4a98-9249-03d1572585cc,6b0521cc-c577-4b44-872e-404577a030c5,2024-05-25,1625.31,on_time
ab7b89f3-fd43-4506-823e-cbd4689cbe4d,6b0521cc-c577-4b44-872e-404577a030c5,2024-06-24,1625.31,on_time
4fd1def6-a2fe-4505-9273-d0c94cd96e59,6b0521cc-c577-4b44-872e-404577a030c5,2024-07-24,1625.31,on_time
3d32da7d-d4fc-4ae4-887a-2e7bbe83ebef,6b0521cc-c577-4b44-872e-404577a030c5,2024-08-23,1625.31,on_time
3b69bfab-5ffc-487b-a712-9a8426cabac9,6b0521cc-c577-4b44-872e-404577a030c5,2024-09-22,1625.31,on_time
7a25311d-c4a1-4ffe-a42c-893863c3d132,6b0521cc-c577-4b44-872e-404577a030c5,2024-10-22,1625.31,on_time
b86b068d-d999-409a-b526-9c5d93a34e95,6b0521cc-c577-4b44-872e-404577a030c5,2024-11-21,1625.31,on_time
d3b5c201-9269-42b6-957e-712d8c64ff60,6b0521cc-c577-4b44-872e-404577a030c5,2024-12-21,1625.31,on_time
71a92486-9343-4e27-886a-3813eaf934f7,cf97f93d-eb3e-41cf-be80-3272ffb94c20,2023-07-13,665.58,on_time
52e22bee-ba6a-458e-a0c5-ea47585a29d6,cf97f93d-eb3e-41cf-be80-3272ffb94c20,2023-08-12,665.58,on_time
2bb916b9-5fd5-42f0-a686-ac26f704940a,cf97f93d-eb3e-41cf-be80-3272ffb94c20,2023-09-11,665.58,on_time
c7963265-16f4-4b93-92f0-2e0739c54aaa,cf97f93d-eb3e-41cf-be80-3272ffb94c20,2023-10-11,665.58,on_time
fad715f0-c026-4a49-bda6-8c460dc57d85,cf97f93d-eb3e-41cf-be80-3272ffb94c20,2023-11-10,665.58,on_time
a1d15edd-185d-44bd-beca-7b3cf2da2bf1,cf97f93d-eb3e-41cf-be80-3272ffb94c20,2023-12-10,665.58,late
b7836a42-d698-42d7-a79d-29167cbf1569,cf97f93d-eb3e-41cf-be80-3272ffb94c20,2024-01-09,0.0,defaulted
309914b1-d383-4fb6-bfb5-9546a880d018,cf97f93d-eb3e-41cf-be80-3272ffb94c20,2024-02-08,665.58,on_time
b152ac46-c2ff-443c-b5f2-84b64f84f45f,cf97f93d-eb3e-41cf-be80-3272ffb94c20,2024-03-09,665.58,on_time
87912d62-ab80-47a4-873b-e2dce41653c4,cf97f93d-eb3e-41cf-be80-3272ffb94c20,2024-04-08,665.58,on_time
46422fc3-ee53-4b8a-a3f1-0892b79a0a70,cf97f93d-eb3e-41cf-be80-3272ffb94c20,2024-05-08,665.58,on_time
1e5fe2f3-8c17-40df-a967-30bdf5c7a779,cf97f93d-eb3e-41cf-be80-3272ffb94c20,2024-06-07,665.58,late
d04c8fdb-383f-4667-a1fd-e33555b0a37f,cf97f93d-eb3e-41cf-be80-3272ffb94c20,2024-07-07,665.58,on_time
bcb40c45-d5b9-4ad3-93c7-a33084dba60e,cf97f93d-eb3e-41cf-be80-3272ffb94c20,2024-08-06,665.58,on_time
5c47c831-4c26-44da-ae3f-ce0b9b2c30ef,cf97f93d-eb3e-41cf-be80-3272ffb94c20,2024-09-05,665.58,on_time
b2d0c5d5-ce7b-4a2e-aa66-963c1ca1d08c,cf97f93d-eb3e-41cf-be80-3272ffb94c20,2024-10-05,665.58,on_time
6b8008a0-03e7-4912-83f3-bbf3597f5494,cf97f93d-eb3e-41cf-be80-3272ffb94c20,2024-11-04,665.58,on_time
071c4dae-927f-4ee6-a6d7-f2c4c4213bcf,cf97f93d-eb3e-41cf-be80-3272ffb94c20,2024-12-04,665.58,on_time
249b8ddf-5c93-4577-bccd-a84a0e8042b4,cf97f93d-eb3e-41cf-be80-3272ffb94c20,2025-01-03,665.58,on_time
4fe29b34-6db5-4c7d-84f8-9cedd3c37c9a,cf97f93d-eb3e-41cf-be80-3272ffb94c20,2025-02-02,665.58,on_time
85f56ada-700e-4b76-af88-85ca7a1b2734,cf97f93d-eb3e-41cf-be80-3272ffb94c20,2025-03-04,665.58,on_time
b58e38b6-f106-419c-878b-13087eae71b3,cf97f93d-eb3e-41cf-be80-3272ffb94c20,2025-04-03,665.58,on_time
c49fa921-a86c-4988-9043-79151b7eedb7,cf97f93d-eb3e-41cf-be80-3272ffb94c20,2025-05-03,665.58,on_time
b3df7817-1e26-490b-a6ad-cf3de7cfb653,6723f725-77df-4814-9906-c12ce24326ee,2024-01-17,488.46,on_time
0d974096-b00f-4597-a6a8-20aec1035488,6723f725-77df-4814-9906-c12ce24326ee,2024-02-16,488.46,on_time
8bb3c49c-564c-4de7-aa91-d4748425a853,6723f725-77df-4814-9906-c12ce24326ee,2024-03-17,488.46,on_time
879c0a4c-1b03-4e48-97d1-7779da6ffdc4,6723f725-77df-4814-9906-c12ce24326ee,2024-04-16,488.46,on_time
b7fe420f-691c-4e8f-81e2-740caf732d45,6723f725-77df-4814-9906-c12ce24326ee,2024-05-16,488.46,on_time
47926098-311a-4203-b9ee-2bd2ff4f0c6b,6723f725-77df-4814-9906-c12ce24326ee,2024-06-15,488.46,on_time
ca9e7760-5edb-4554-b054-46601f5aead0,6723f725-77df-4814-9906-c12ce24326ee,2024-07-15,488.46,on_time
10ddf19b-e6e0-4816-8022-8b7cbb268662,6723f725-77df-4814-9906-c12ce24326ee,2024-08-14,488.46,on_time
2dcff65a-fa67-4a81-acad-0935cd11ca1c,6723f725-77df-4814-9906-c12ce24326ee,2024-09-13,488.46,on_time
5587ea3b-eb43-4f2a-b941-b8f3da6c5e8e,6723f725-77df-4814-9906-c12ce24326ee,2024-10-13,488.46,late
4f1d9a3b-c531-4a48-a101-49f05b8c54a5,6723f725-77df-4814-9906-c12ce24326ee,2024-11-12,488.46,on_time
96f24bc7-5f15-4bf4-ad1a-8592bb356955,6723f725-77df-4814-9906-c12ce24326ee,2024-12-12,488.46,on_time
bfb3535f-ec15-4686-966f-5a822d540358,6723f725-77df-4814-9906-c12ce24326ee,2025-01-11,488.46,on_time
4a2385f4-7556-47f3-bc94-14055c20ac8f,6723f725-77df-4814-9906-c12ce24326ee,2025-02-10,488.46,on_time
ca3d0c35-33f7-4aac-a9db-d144dee97561,6723f725-77df-4814-9906-c12ce24326ee,2025-03-12,488.46,on_time
2884539c-9ddf-4d89-b084-752e7ba63c0a,6723f725-77df-4814-9906-c12ce24326ee,2025-04-11,488.46,on_time
fbf96bab-7c39-4c1f-b0b2-6d0589078c33,536a5a72-0771-4330-9efb-18cf3e225186,2024-12-07,245.91,on_time
e764d53e-cc7a-436e-9631-dd0d4a15e2b8,536a5a72-0771-4330-9efb-18cf3e225186,2025-01-06,245.91,on_time
e408f5fd-d4e1-4463-ba73-1e714d99759e,536a5a72-0771-4330-9efb-18cf3e225186,2025-02-05,245.91,on_time
21c7690d-d4bf-417d-88d4-8f67bb36a859,536a5a72-0771-4330-9efb-18cf3e225186,2025-03-07,245.91,on_time
b35b2432-9cc1-495f-a951-36e48e4a5b1d,536a5a72-0771-4330-9efb-18cf3e225186,2025-04-06,245.91,late
ad828abd-89e3-4503-badf-71302be29e7a,28d2a33b-4b98-4447-a0ff-85e8b820117b,2023-06-23,1002.15,on_time
5f038d03-102a-4ded-bdce-027c4c19c4b3,28d2a33b-4b98-4447-a0ff-85e8b820117b,2023-07-23,1002.15,on_time
7594ee2c-f403-4e8f-b2ad-a4e944d8db7b,28d2a33b-4b98-4447-a0ff-85e8b820117b,2023-08-22,1002.15,on_time
60555aaf-e039-4b2f-b6a8-8c15bd122894,28d2a33b-4b98-4447-a0ff-85e8b820117b,2023-09-21,1002.15,on_time
e201596a-88de-40d6-a55c-6e584eab48a4,28d2a33b-4b98-4447-a0ff-85e8b820117b,2023-10-21,1002.15,on_time
fdd1a0f6-7ec2-435c-a65c-51584025a626,28d2a33b-4b98-4447-a0ff-85e8b820117b,2023-11-20,1002.15,on_time
e1f777e3-eb2a-4287-8582-01be52b91fb8,28d2a33b-4b98-4447-a0ff-85e8b820117b,2023-12-20,1002.15,on_time
d92e8c31-5e55-42a6-af7f-cd71c4b0ae45,28d2a33b-4b98-4447-a0ff-85e8b820117b,2024-01-19,1002.15,on_time
ecbd4fb9-f809-4380-8da3-6993b41f2476,28d2a33b-4b98-4447-a0ff-85e8b820117b,2024-02-18,1002.15,on_time
9e0fa312-9659-4afe-83f6-d2bbafec2d10,28d2a33b-4b98-4447-a0ff-85e8b820117b,2024-03-19,1002.15,on_time
f4e44e97-d8ad-4c21-a7e6-0e4903400628,28d2a33b-4b98-4447-a0ff-85e8b820117b,2024-04-18,1002.15,on_time
4bb801e5-de31-4d25-bb0c-afcc25c45dba,28d2a33b-4b98-4447-a0ff-85e8b820117b,2024-05-18,1002.15,on_time
fdda11f4-0bac-4219-a4ce-541320a97a3a,28d2a33b-4b98-4447-a0ff-85e8b820117b,2024-06-17,1002.15,on_time
ec2dbd48-1d3b-4314-90e0-ad9f3cef2e5c,28d2a33b-4b98-4447-a0ff-85e8b820117b,2024-07-17,1002.15,on_time
72805f70-5770-493f-b0c7-793ff973068a,28d2a33b-4b98-4447-a0ff-85e8b820117b,2024-08-16,1002.15,on_time
d8431348-dfeb-416b-9371-a9deeb2cfffd,28d2a33b-4b98-4447-a0ff-85e8b820117b,2024-09-15,1002.15,on_time
4608185d-0fed-4332-8a00-0c4b6448c075,28d2a33b-4b98-4447-a0ff-85e8b820117b,2024-10-15,1002.15,on_time
0721483e-fcff-443a-a329-960b08f81ceb,28d2a33b-4b98-4447-a0ff-85e8b820117b,2024-11-14,1002.15,on_time
ec071a8b-db2d-4f98-a2d2-06b3cd26758d,28d2a33b-4b98-4447-a0ff-85e8b820117b,2024-12-14,1002.15,on_time
56ca8e0f-7e4b-4bef-88c4-fbc6f6724c5d,28d2a33b-4b98-4447-a0ff-85e8b820117b,2025-01-13,1002.15,on_time
16cd32fa-8c30-4561-a50c-22f4a3c110b5,28d2a33b-4b98-4447-a0ff-85e8b820117b,2025-02-12,1002.15,on_time
10ac9168-defa-475b-8d35-6e68adb9e841,28d2a33b-4b98-4447-a0ff-85e8b820117b,2025-03-14,1002.15,late
da58d4f2-8e1d-4b6e-b4bd-608b25e630ed,28d2a33b-4b98-4447-a0ff-85e8b820117b,2025-04-13,0.0,defaulted
0e9710e1-2994-4de0-8aea-ad7292e14050,d2f56042-e6e1-4b28-a633-baf7d1528670,2025-04-07,600.16,on_time
8790cde4-834f-4ec6-9abd-167ea86cb813,e0ceef9c-18ed-4daa-bf76-87bd57647933,2024-02-06,552.38,on_time
ed6c957e-78b0-499c-8274-5677e9abbc74,e0ceef9c-18ed-4daa-bf76-87bd57647933,2024-03-07,552.38,on_time
d541f210-d7a0-4d07-a312-49ead167d478,e0ceef9c-18ed-4daa-bf76-87bd57647933,2024-04-06,0.0,defaulted
0bb4fcdb-dbeb-4adb-a146-0298ab8925bd,e0ceef9c-18ed-4daa-bf76-87bd57647933,2024-05-06,552.38,on_time
1ab4ff4b-4078-4d2f-9f6f-55af2afb6f23,e0ceef9c-18ed-4daa-bf76-87bd57647933,2024-06-05,552.38,on_time
f77c8d26-9223-4bbb-ad7c-6fd660b6a4c7,e0ceef9c-18ed-4daa-bf76-87bd57647933,2024-07-05,552.38,on_time
ab5b066d-642a-467c-a39b-4dbe04ca125f,e0ceef9c-18ed-4daa-bf76-87bd57647933,2024-08-04,552.38,on_time
ab265c77-18e1-4987-9c8b-683181522ff2,e0ceef9c-18ed-4daa-bf76-87bd57647933,2024-09-03,552.38,on_time
ef95b9a6-aa06-472f-af74-72bd56cc7a5d,e0ceef9c-18ed-4daa-bf76-87bd57647933,2024-10-03,552.38,late
03dcf869-be5a-4f9d-90a2-c8128e3721e3,e0ceef9c-18ed-4daa-bf76-87bd57647933,2024-11-02,552.38,on_time
db7bc3b1-bb07-4a22-aa2d-683847f1e67d,e0ceef9c-18ed-4daa-bf76-87bd57647933,2024-12-02,552.38,on_time
d8b583a9-4c66-44a2-9d7e-0a8ad84789ed,e0ceef9c-18ed-4daa-bf76-87bd57647933,2025-01-01,552.38,on_time
00a34a62-043f-45ec-9cff-7e4dc4d1eee6,e0ceef9c-18ed-4daa-bf76-87bd57647933,2025-01-31,552.38,late
be4a936f-e99e-4429-ba28-e6a9743c9dab,e0ceef9c-18ed-4daa-bf76-87bd57647933,2025-03-02,552.38,on_time
2483a212-695b-455c-8a6d-9592c57f0497,e0ceef9c-18ed-4daa-bf76-87bd57647933,2025-04-01,552.38,on_time
ad770f51-d7a6-4e0d-ad5e-7124fddf5bed,e0ceef9c-18ed-4daa-bf76-87bd57647933,2025-05-01,552.38,on_time
6b7c6062-fc5f-4ce2-9255-c5131ce45a12,85fb2688-5cad-4caa-a54c-d2496696cb5f,2024-08-11,869.13,on_time
2d630d6f-b211-44e6-bb10-33e12fa0e479,85fb2688-5cad-4caa-a54c-d2496696cb5f,2024-09-10,869.13,on_time
92f52d0a-de42-40a8-894a-96c583c3b78d,85fb2688-5cad-4caa-a54c-d2496696cb5f,2024-10-10,869.13,on_time
c4d7ec3c-81cc-45b9-af58-719cab9612c8,85fb2688-5cad-4caa-a54c-d2496696cb5f,2024-11-09,869.13,late
bd65f5f0-d06e-4468-ae2f-5129660fba0a,85fb2688-5cad-4caa-a54c-d2496696cb5f,2024-12-09,869.13,on_time
46d14d47-59e9-4124-bc6a-ee7f10c55932,85fb2688-5cad-4caa-a54c-d2496696cb5f,2025-01-08,869.13,late
38578e9e-0d17-4331-a9f8-eac20762afea,85fb2688-5cad-4caa-a54c-d2496696cb5f,2025-02-07,869.13,late
39040b0b-554c-4d5c-9f03-07d8f39f7b6d,85fb2688-5cad-4caa-a54c-d2496696cb5f,2025-03-09,869.13,on_time
31a87ee8-0dba-439a-83c4-315ee43f7755,85fb2688-5cad-4caa-a54c-d2496696cb5f,2025-04-08,869.13,on_time
ed5d9c07-0b70-4902-9c7c-375c8323a4c3,7c7ecee9-e761-477b-beec-77a1bdff04b8,2024-05-08,1327.49,on_time
d67839bb-1893-4931-9ff5-ba8e6dbcb596,7c7ecee9-e761-477b-beec-77a1bdff04b8,2024-06-07,0.0,defaulted
0645e545-2249-41b6-ab20-28df95c8762f,7c7ecee9-e761-477b-beec-77a1bdff04b8,2024-07-07,1327.49,on_time
ffccdaec-1b8d-4fb7-ac98-1eceb4bd8f25,7c7ecee9-e761-477b-beec-77a1bdff04b8,2024-08-06,1327.49,on_time
d93b08d0-8ba3-45c4-8227-9ca9832134d4,7c7ecee9-e761-477b-beec-77a1bdff04b8,2024-09-05,1327.49,late
26c25cfc-f29a-4693-a7fa-8e2d9e849374,7c7ecee9-e761-477b-beec-77a1bdff04b8,2024-10-05,1327.49,on_time
2ae3016a-ce15-4df7-a4e7-b8538f472d32,7c7ecee9-e761-477b-beec-77a1bdff04b8,2024-11-04,1327.49,on_time
2f8378c5-6d15-480a-b2b8-08db38130e84,7c7ecee9-e761-477b-beec-77a1bdff04b8,2024-12-04,1327.49,on_time
4c4e2ed4-7ca3-42a1-9c46-009c8c198e6d,7c7ecee9-e761-477b-beec-77a1bdff04b8,2025-01-03,1327.49,on_time
dd342906-cc75-4939-9733-64352796f611,7c7ecee9-e761-477b-beec-77a1bdff04b8,2025-02-02,1327.49,on_time
59808373-d782-400c-a8ab-1184c8fba495,7c7ecee9-e761-477b-beec-77a1bdff04b8,2025-03-04,1327.49,on_time
a48408b0-e1dd-4cd9-a380-44a720e2c0d0,7c7ecee9-e761-477b-beec-77a1bdff04b8,2025-04-03,1327.49,on_time
177f6dde-fec7-4ee2-b88d-a98bd86f3db9,7c7ecee9-e761-477b-beec-77a1bdff04b8,2025-05-03,1327.49,on_time
90436e72-206c-4206-8d75-39b8a3b931ca,ccaeff74-e59b-4c6c-a331-29b8fe34133f,2024-04-22,763.8,on_time
67ec374c-7820-47c1-8d4a-9c11e045b119,ccaeff74-e59b-4c6c-a331-29b8fe34133f,2024-05-22,763.8,on_time
25eb991f-0535-44e8-8d27-07240f5231cc,ccaeff74-e59b-4c6c-a331-29b8fe34133f,2024-06-21,763.8,late
c9cd7496-a7be-4d9f-8642-395d2369d968,ccaeff74-e59b-4c6c-a331-29b8fe34133f,2024-07-21,763.8,on_time
a79ce914-4a8d-456b-a3ab-ecc911cd4e7a,ccaeff74-e59b-4c6c-a331-29b8fe34133f,2024-08-20,763.8,on_time
e62fd462-ee33-47f2-b841-51484de3d115,ccaeff74-e59b-4c6c-a331-29b8fe34133f,2024-09-19,763.8,on_time
141b967a-ae71-4618-aa52-91ed26ddf71b,ccaeff74-e59b-4c6c-a331-29b8fe34133f,2024-10-19,763.8,late
7e56d929-38a0-4cff-8d0d-a31a5814e27c,ccaeff74-e59b-4c6c-a331-29b8fe34133f,2024-11-18,763.8,on_time
0b6d666d-854e-41cc-97d2-f63a94e6dc4f,ccaeff74-e59b-4c6c-a331-29b8fe34133f,2024-12-18,763.8,on_time
b1df472f-fdfa-49fb-9fbe-31ac4777bce0,ccaeff74-e59b-4c6c-a331-29b8fe34133f,2025-01-17,763.8,on_time
7ef5be1b-cb83-4d02-a63d-32a2efffe8f9,ccaeff74-e59b-4c6c-a331-29b8fe34133f,2025-02-16,763.8,on_time
bd35a649-cb05-4652-b87d-daac01522186,ccaeff74-e59b-4c6c-a331-29b8fe34133f,2025-03-18,763.8,on_time
6b373c76-ac12-4e14-a6c0-02f504ad3cb3,ccaeff74-e59b-4c6c-a331-29b8fe34133f,2025-04-17,763.8,on_time
c4fcc286-41f1-4dcf-ab47-7440c346fafa,f22990f7-edef-47a3-8167-8538526402fe,2024-08-16,891.35,on_time
9a104151-0825-4ebd-907d-aca2de011f45,f22990f7-edef-47a3-8167-8538526402fe,2024-09-15,891.35,on_time
0ccd3e73-b4ff-4620-8a06-dee98ab6c49c,f22990f7-edef-47a3-8167-8538526402fe,2024-10-15,891.35,on_time
d5ec712e-181f-4f04-b277-219c0106a82b,f22990f7-edef-47a3-8167-8538526402fe,2024-11-14,891.35,late
2d0165cb-a342-4bed-b03e-85cbd3df9edb,f22990f7-edef-47a3-8167-8538526402fe,2024-12-14,891.35,on_time
bafb44c0-ccab-4caf-975c-e6a0f79f3e3c,f22990f7-edef-47a3-8167-8538526402fe,2025-01-13,891.35,on_time
d0e92213-4ef9-4f3d-904b-95d16716e593,f22990f7-edef-47a3-8167-8538526402fe,2025-02-12,891.35,on_time
7ff4544e-81cb-43e2-83f6-ccc50332e27b,f22990f7-edef-47a3-8167-8538526402fe,2025-03-14,891.35,on_time
749a7d0a-fbe9-46bc-9bfd-7289e05d240d,f22990f7-edef-47a3-8167-8538526402fe,2025-04-13,891.35,on_time
